Date,Temperature,Precipitation,Humidity,Latitude,Longitude,Temperature_F,Is_Hot,Temperature_Fahrenheit
2023-01-01 12:00:00,14.8,0,33.1,30.82874854124385,-71.00095382209182,58.64,0,58.64
2023-01-01 21:00:00,8.4,0,52.3,82.76238367287303,-19.613586782461965,47.120000000000005,0,47.120000000000005
2023-01-02 04:00:00,14.6,0,56.7,-19.278880399227774,-106.5368201232238,58.28,0,58.28
2023-01-03 00:00:00,7.5,0,60.7,-23.00881405555852,-34.082870167096786,45.5,0,45.5
2023-01-03 10:00:00,14.1,0,53.7,-20.0292573822216,174.47561193270224,57.38,0,57.379999999999995
2023-01-03 16:00:00,15.1,0,39.7,18.78467754865879,-98.18602071852158,59.18,0,59.18
2023-01-03 18:00:00,9.3,15,45.6,-11.12784961529799,75.37997585677905,48.74,0,48.74
2023-01-04 02:00:00,14.8,5,46.1,17.072528310343728,-158.3182998358929,58.64,0,58.64
2023-01-04 03:00:00,9.4,0,52.4,-74.96551535759662,171.14773236650825,48.92,0,48.92
2023-01-04 06:00:00,7.1,0,71.6,33.848200273343195,87.80586742877472,44.78,0,44.78
2023-01-05 04:00:00,9.0,15,43.8,-33.501946227295086,63.21123848427797,48.2,0,48.2
2023-01-05 09:00:00,9.0,5,45.6,-2.8762969483072567,-121.78996082136472,48.2,0,48.2
2023-01-06 00:00:00,13.7,0,56.3,29.1093628759122,44.355734304482496,56.66,0,56.66
2023-01-06 02:00:00,16.2,0,54.7,84.58677456213437,-44.39648144539351,61.16,0,61.16
2023-01-06 12:00:00,7.8,0,67.6,50.438276736414025,39.48548697927987,46.04,0,46.04
2023-01-07 04:00:00,11.1,0,62.7,10.22128396707383,111.17747645700626,51.98,0,51.98
2023-01-07 18:00:00,13.3,0,49.3,-43.83664901698212,-26.46009099292999,55.94,0,55.94
2023-01-08 07:00:00,9.6,0,84.1,-40.05635764950827,-109.54344956412632,49.28,0,49.28
2023-01-08 23:00:00,16.3,0,70.8,-56.6501669399628,-129.79791496614234,61.34,0,61.34
2023-01-09 17:00:00,15.4,0,57.9,14.712596535813605,-98.1066226703256,59.72,0,59.72
2023-01-09 19:00:00,12.2,0,67.1,11.56172700321649,10.31637743613922,53.96,0,53.96
2023-01-09 20:00:00,9.4,0,40.6,-27.81344632977977,-145.18995847647582,48.92,0,48.92
2023-01-10 07:00:00,13.9,0,73.0,73.26755287470394,67.40436364584585,57.02,0,57.02
2023-01-10 07:00:00,11.9,0,58.5,-2.189822662077745,64.46397761842945,53.42,0,53.42
2023-01-10 08:00:00,18.0,0,58.8,-75.56638377381961,12.795290315207351,64.4,0,64.4
2023-01-10 09:00:00,10.9,0,53.5,-2.915542825083492,-32.69426851494413,51.620000000000005,0,51.620000000000005
2023-01-10 13:00:00,13.6,0,55.0,-1.8675968309559323,-26.11204985999194,56.48,0,56.48
2023-01-10 17:00:00,10.7,0,74.0,-67.17167594092462,158.3727742388552,51.26,0,51.26
2023-01-10 19:00:00,10.9,0,53.5,23.41676283509942,-39.88489729556204,51.620000000000005,0,51.620000000000005
2023-01-10 21:00:00,19.5,0,53.4,-56.76615767747354,-176.4321496231847,67.1,0,67.1
2023-01-11 10:00:00,14.3,0,55.6,28.71107669723888,-98.28772579025244,57.74,0,57.74
2023-01-12 18:00:00,10.3,0,42.8,1.9045363427207749,17.607467390425796,50.54,0,50.54
2023-01-13 06:00:00,12.6,0,65.7,-31.15061561939845,13.810716756368208,54.68,0,54.68
2023-01-14 00:00:00,11.8,0,43.4,-16.605341099508195,-164.48396077860335,53.24,0,53.24
2023-01-14 08:00:00,12.5,0,41.0,55.7863956545219,-52.27297572370007,54.5,0,54.5
2023-01-14 16:00:00,10.4,0,75.0,-74.8570207933111,125.44983878625528,50.72,0,50.72
2023-01-14 19:00:00,15.8,0,44.8,34.03577767468134,109.86278304973564,60.440000000000005,0,60.440000000000005
2023-01-15 04:00:00,14.4,5,54.3,-48.60112428661671,128.8565690390384,57.92,0,57.92
2023-01-15 14:00:00,9.6,0,64.1,-7.274869701547857,178.90179026820107,49.28,0,49.28
2023-01-15 19:00:00,15.8,0,42.6,13.31097589242188,16.450548772689302,60.440000000000005,0,60.440000000000005
2023-01-15 20:00:00,10.8,0,63.9,-41.61642929456433,16.354062076216707,51.44,0,51.44
2023-01-16 08:00:00,12.8,20,61.4,-49.180927442463776,5.460130219171958,55.04,0,55.04
2023-01-16 18:00:00,17.5,0,39.6,-75.48922706947168,102.0605409316472,63.5,0,63.5
2023-01-17 02:00:00,18.4,0,73.5,12.757935031105715,102.01939919850184,65.12,0,65.12
2023-01-17 07:00:00,13.8,0,52.5,-4.483822883981745,63.67401929792754,56.84,0,56.84
2023-01-17 08:00:00,12.2,0,53.9,5.38930564744193,113.6683370254035,53.96,0,53.96
2023-01-17 09:00:00,15.1,0,50.5,43.60885060541162,175.452650032392,59.18,0,59.18
2023-01-17 11:00:00,16.5,0,53.1,-25.812688322482984,93.74402422349374,61.7,0,61.7
2023-01-17 20:00:00,12.8,0,49.7,-50.31222490534513,-119.10171821672871,55.04,0,55.04
2023-01-19 05:00:00,19.3,0,45.5,53.26674968583043,-71.11212571387091,66.74000000000001,0,66.74000000000001
2023-01-19 21:00:00,17.5,5,45.6,58.38308050488291,9.931670377979628,63.5,0,63.5
2023-01-20 06:00:00,12.9,0,62.3,9.851724590823764,9.39384477055512,55.22,0,55.22
2023-01-20 14:00:00,9.2,0,69.1,-24.739236619362984,-75.97133102841893,48.56,0,48.56
2023-01-21 10:00:00,21.6,0,63.1,60.055921885531006,139.48881847663768,70.88,0,70.88
2023-01-21 15:00:00,14.0,0,57.4,16.823048886850287,166.9266679273377,57.2,0,57.2
2023-01-21 21:00:00,14.7,0,48.4,9.479208199814678,-96.39911127551647,58.46,0,58.459999999999994
2023-01-22 20:00:00,15.8,0,70.4,-23.86966883452732,-90.52566446612664,60.440000000000005,0,60.440000000000005
2023-01-23 12:00:00,13.8,0,45.3,-69.0150465799746,-55.59134908650731,56.84,0,56.84
2023-01-23 13:00:00,12.8,0,66.2,34.56202607039785,-119.22839791755688,55.04,0,55.04
2023-01-23 18:00:00,13.2,0,56.2,-75.79090746962001,178.46440273847628,55.76,0,55.76
2023-01-24 03:00:00,17.4,0,65.2,41.43990919630485,-159.33893627222153,63.32,0,63.32
2023-01-24 03:00:00,13.2,0,67.0,-49.30576721809872,122.07589156786014,55.76,0,55.76
2023-01-24 09:00:00,11.1,0,69.7,87.72050854431828,23.54973831091368,51.98,0,51.98
2023-01-24 12:00:00,16.2,15,51.8,-61.07767475186787,121.9873902854648,61.16,0,61.16
2023-01-24 12:00:00,10.8,0,77.0,54.68488028702552,155.79105806171276,51.44,0,51.44
2023-01-25 05:00:00,17.3,5,61.8,-26.13026600223072,58.43444887424965,63.14,0,63.14
2023-01-25 19:00:00,15.0,0,69.3,-6.239351890892507,-22.35604062855157,59.0,0,59.0
2023-01-26 00:00:00,22.1,5,60.2,-42.13287888621862,137.1222577961109,71.78,0,71.78
2023-01-26 04:00:00,17.4,0,46.3,-7.501752974236425,108.8625709993077,63.32,0,63.32
2023-01-26 15:00:00,18.5,0,50.0,20.30325039657187,99.0844340036602,65.3,0,65.3
2023-01-26 18:00:00,12.8,0,62.7,17.138310142837454,-119.58674556742967,55.04,0,55.04
2023-01-28 00:00:00,18.7,0,68.1,88.5532945029558,-55.07915925160802,65.66,0,65.66
2023-01-28 11:00:00,15.0,0,52.5,31.029091792506662,163.12324118188965,59.0,0,59.0
2023-01-28 19:00:00,19.0,0,52.3,-72.28364596175362,-110.7871493514869,66.2,0,66.2
2023-01-29 05:00:00,17.5,20,47.0,61.95821855150575,153.38144153457557,63.5,0,63.5
2023-01-29 09:00:00,13.4,5,63.5,13.83432860388605,135.32577299996206,56.120000000000005,0,56.120000000000005
2023-01-29 14:00:00,15.1,0,64.4,-57.45867289877168,-74.64416483973318,59.18,0,59.18
2023-01-30 05:00:00,14.9,0,48.1,-59.72334196202672,36.34037443357883,58.82,0,58.82
2023-01-30 15:00:00,19.3,0,63.2,59.15752310129207,139.4728327333297,66.74000000000001,0,66.74000000000001
2023-01-30 23:00:00,16.0,0,55.8,-77.89784758369899,163.2250365775542,60.8,0,60.8
2023-01-31 06:00:00,19.9,10,64.7,-53.19929295643085,-119.41970813722338,67.82,0,67.82
2023-01-31 07:00:00,12.6,0,66.2,57.30847646031634,-22.42194302392511,54.68,0,54.68
2023-01-31 17:00:00,19.8,0,33.8,-4.169002008037609,-8.285978657644648,67.64,0,67.64
2023-01-31 23:00:00,13.5,0,61.9,-21.214894530137528,-64.44106356927679,56.3,0,56.3
2023-02-01 04:00:00,19.7,5,56.4,-58.1123658199274,-16.983070097642354,67.46,0,67.46
2023-02-01 08:00:00,16.6,0,77.1,-21.772712631053693,-5.810321208847881,61.88,0,61.88
2023-02-01 10:00:00,15.7,0,68.8,-1.2924747840915671,13.822192543304766,60.26,0,60.26
2023-02-01 10:00:00,11.7,20,59.8,-82.75355945833822,77.44500713407967,53.06,0,53.06
2023-02-01 22:00:00,18.1,0,56.9,32.33397283112585,16.70654671636754,64.58,0,64.58
2023-02-01 23:00:00,18.8,0,37.5,-20.77000632382172,-123.92162619113874,65.84,0,65.84
2023-02-02 01:00:00,22.6,0,53.6,83.42639054537895,78.36341680565982,72.68,0,72.68
2023-02-02 11:00:00,18.6,5,63.7,-78.83254494782022,-99.22212727207362,65.48,0,65.48
2023-02-03 00:00:00,18.4,0,49.7,-19.48635889878993,-56.510383467591225,65.12,0,65.12
2023-02-03 12:00:00,15.5,0,41.3,-47.25385978459365,-49.32617745460621,59.9,0,59.9
2023-02-03 16:00:00,19.1,20,54.9,-52.36931273276772,16.03991687568316,66.38,0,66.38
2023-02-03 17:00:00,19.4,0,65.7,-27.01118635727147,-104.05083937681783,66.92,0,66.92
2023-02-03 18:00:00,17.6,0,67.8,84.80716332629143,161.2006912689227,63.68,0,63.68
2023-02-04 02:00:00,18.7,0,68.0,42.831170531566585,81.39054653418617,65.66,0,65.66
2023-02-04 07:00:00,21.5,0,65.4,2.107340480646158,-5.697708421173303,70.7,0,70.7
2023-02-04 18:00:00,15.6,20,39.1,-78.93966777645825,-11.01353688386709,60.08,0,60.08
2023-02-04 21:00:00,12.4,0,58.9,74.34746404017409,-150.6790033591827,54.32,0,54.32
2023-02-04 22:00:00,17.5,0,56.6,-37.5370355711171,90.6570525444052,63.5,0,63.5
2023-02-05 07:00:00,18.2,0,67.1,-47.13360234017466,160.46989280133482,64.75999999999999,0,64.75999999999999
2023-02-05 18:00:00,17.7,0,57.7,-84.9865966522066,-165.62788827704955,63.86,0,63.86
2023-02-06 06:00:00,22.3,0,73.8,-43.23093517074609,-103.77148966112895,72.14,0,72.14
2023-02-06 21:00:00,21.2,0,57.4,78.0748961402646,-165.66788179952863,70.16,0,70.16
2023-02-07 01:00:00,14.8,0,57.7,-38.587322058796246,-114.56510480597008,58.64,0,58.64
2023-02-08 08:00:00,16.2,0,74.4,-75.37866573479891,23.18997160070916,61.16,0,61.16
2023-02-08 10:00:00,20.1,0,73.2,-35.56448796986345,60.79555117464673,68.18,0,68.18
2023-02-09 02:00:00,21.0,0,79.4,-44.19336030871315,63.50341280760219,69.8,0,69.8
2023-02-09 04:00:00,14.7,0,57.7,-36.48830322936123,21.50807808012297,58.46,0,58.459999999999994
2023-02-09 07:00:00,20.0,15,61.9,-17.961790347059036,85.6539968395681,68.0,0,68.0
2023-02-09 11:00:00,17.8,0,67.7,-83.71592052187971,118.33523417448232,64.04,0,64.04
2023-02-09 11:00:00,18.6,0,74.0,78.92678847854782,-56.66721018799254,65.48,0,65.48
2023-02-10 04:00:00,15.1,0,56.6,-60.65655951332048,109.83503233480856,59.18,0,59.18
2023-02-10 06:00:00,19.6,0,62.2,-0.6769400578534857,-68.31529785190628,67.28,0,67.28
2023-02-10 08:00:00,18.2,0,62.9,4.212246765961481,70.1892479237313,64.75999999999999,0,64.75999999999999
2023-02-10 09:00:00,19.5,0,51.0,-56.65133603100173,147.33096999731725,67.1,0,67.1
2023-02-10 09:00:00,22.5,0,44.2,-58.41150707135567,-105.54555847197734,72.5,0,72.5
2023-02-10 14:00:00,13.1,0,64.2,68.32826940811717,-50.5167979596956,55.58,0,55.58
2023-02-10 15:00:00,21.1,5,68.6,53.32384970214969,-81.12028687635404,69.98,0,69.98
2023-02-11 08:00:00,25.0,0,71.4,78.25138478789418,29.54524720472048,77.0,0,77.0
2023-02-12 01:00:00,20.3,0,68.5,-44.45525863435442,-61.96176215342693,68.54,0,68.54
2023-02-12 05:00:00,17.2,0,72.3,-84.84256303602218,-74.91197754078938,62.96,0,62.959999999999994
2023-02-12 06:00:00,23.7,5,49.8,-1.8640663142341225,-40.936426147603726,74.66,0,74.66
2023-02-12 09:00:00,19.2,0,54.6,40.50109373384137,143.05885828693738,66.56,0,66.56
2023-02-12 22:00:00,19.1,10,66.1,29.48840547349052,-141.61549718282475,66.38,0,66.38
2023-02-12 22:00:00,20.2,10,69.0,-15.331382006156645,20.767928826762983,68.36,0,68.36
2023-02-13 08:00:00,20.1,0,63.9,-72.83503417085936,82.12191744101989,68.18,0,68.18
2023-02-13 12:00:00,23.6,0,57.3,45.696254887784335,-45.06302723400083,74.48,0,74.48
2023-02-13 22:00:00,27.9,0,72.2,-15.220259893423872,-52.74965085814058,82.22,1,82.22
2023-02-14 11:00:00,13.2,0,57.7,22.622744207043468,74.74341086659271,55.76,0,55.76
2023-02-14 14:00:00,16.8,0,74.7,-34.60123704723316,-72.02541690969615,62.24,0,62.24
2023-02-14 18:00:00,18.5,20,63.7,-67.31963498448103,61.81518932786187,65.3,0,65.3
2023-02-14 19:00:00,20.9,0,71.3,76.03817105810239,-156.92590402697684,69.62,0,69.62
2023-02-14 19:00:00,16.7,0,55.3,78.8968311572369,-154.60717046653565,62.06,0,62.059999999999995
2023-02-15 01:00:00,24.9,0,52.3,20.72324529741597,-111.88951473947223,76.82,0,76.82
2023-02-15 15:00:00,23.6,5,69.8,-31.461984670281964,16.803815363032214,74.48,0,74.48
2023-02-15 16:00:00,19.2,5,69.2,-3.864893414485948,120.29907895503892,66.56,0,66.56
2023-02-15 18:00:00,23.6,0,46.5,20.063450020618944,-90.00975928722131,74.48,0,74.48
2023-02-16 04:00:00,21.5,0,73.7,-60.95387549009104,35.03245619905627,70.7,0,70.7
2023-02-16 05:00:00,12.8,0,64.2,32.79450406591778,-131.86956441620296,55.04,0,55.04
2023-02-16 21:00:00,23.1,0,53.6,-54.87002690064293,-32.15425211629818,73.58,0,73.58
2023-02-17 01:00:00,19.0,20,70.7,55.51303300086437,86.20892396594184,66.2,0,66.2
2023-02-17 01:00:00,23.6,0,66.5,77.67988457570658,117.90852982337412,74.48,0,74.48
2023-02-17 04:00:00,21.6,0,55.0,-62.914991218920456,-136.66911256440503,70.88,0,70.88
2023-02-18 07:00:00,21.8,15,54.8,67.3753201446745,-14.28154176860457,71.24000000000001,0,71.24000000000001
2023-02-18 12:00:00,26.0,0,79.2,57.72530893802028,139.74888587806947,78.8,1,78.8
2023-02-18 12:00:00,20.4,0,60.6,34.815983050135614,157.74522210890007,68.72,0,68.72
2023-02-18 22:00:00,24.6,0,73.2,14.12865148127942,-49.17458448020628,76.28,0,76.28
2023-02-19 00:00:00,18.0,0,61.3,-40.33391501150157,-94.82047822529736,64.4,0,64.4
2023-02-19 20:00:00,20.6,20,62.0,-80.88795499156666,-112.88887025256916,69.08,0,69.08
2023-02-20 09:00:00,16.4,0,63.6,22.095612583171388,166.15826356952385,61.52,0,61.519999999999996
2023-02-20 11:00:00,20.6,0,66.3,14.27660399914882,-67.61169483511341,69.08,0,69.08
2023-02-20 14:00:00,19.7,5,61.2,9.425904807102173,-14.272065671462316,67.46,0,67.46
2023-02-20 20:00:00,22.6,0,62.8,-20.29060594352856,-160.34029084315114,72.68,0,72.68
2023-02-20 21:00:00,22.1,0,63.8,-37.19638414061823,-65.50573978997284,71.78,0,71.78
2023-02-20 22:00:00,22.8,0,80.0,-86.02809323718765,-150.27402310730022,73.04,0,73.04
2023-02-21 07:00:00,23.5,0,85.7,59.870119198703605,-103.1245723834771,74.3,0,74.3
2023-02-21 11:00:00,19.4,0,54.9,40.427691632573215,81.13377608454869,66.92,0,66.92
2023-02-21 14:00:00,23.9,0,63.1,-18.41680540205016,-26.242183670276432,75.02,0,75.02
2023-02-21 18:00:00,20.8,0,61.0,-81.29471201121945,161.41303900401084,69.44,0,69.44
2023-02-22 11:00:00,19.7,0,56.6,-67.61774854244334,153.6867223725111,67.46,0,67.46
2023-02-23 22:00:00,23.4,0,62.6,-47.80339199792736,7.395781429749036,74.12,0,74.12
2023-02-24 12:00:00,23.7,0,78.1,46.26866064575259,-167.1875169096685,74.66,0,74.66
2023-02-24 17:00:00,20.6,5,73.1,34.075874178484256,-97.8007491473001,69.08,0,69.08
2023-02-24 20:00:00,27.4,0,69.8,-14.46707109477414,48.50789079745064,81.32,1,81.32
2023-02-25 02:00:00,24.7,0,66.1,30.21622320614641,2.7928217478847728,76.46,0,76.46
2023-02-25 05:00:00,22.4,0,77.4,-21.428667895774492,167.96103817699588,72.32,0,72.32
2023-02-25 05:00:00,22.6,0,58.4,-21.0212341294947,147.45434079993998,72.68,0,72.68
2023-02-25 21:00:00,24.3,0,59.0,16.880513749821404,95.8483701937364,75.74000000000001,0,75.74000000000001
2023-02-26 09:00:00,25.2,0,52.2,58.25224993481524,52.39236830778802,77.36,1,77.36
2023-02-26 12:00:00,26.8,0,73.1,22.08411737096354,90.76115977091092,80.24000000000001,1,80.24000000000001
2023-02-26 12:00:00,22.4,0,71.3,-16.058014200069877,-162.2539826048101,72.32,0,72.32
2023-02-27 18:00:00,19.4,0,53.4,-6.0873135970397385,-125.37255133690113,66.92,0,66.92
2023-02-27 19:00:00,23.1,15,71.6,-69.27368788886379,-106.56194270062056,73.58,0,73.58
2023-02-28 00:00:00,23.4,10,67.2,74.71093185310002,-135.63091507228148,74.12,0,74.12
2023-02-28 02:00:00,21.7,0,61.6,41.15813116258849,-31.9991698818545,71.06,0,71.06
2023-02-28 08:00:00,22.0,0,71.0,-19.45609867009638,74.3774864379184,71.6,0,71.6
2023-03-01 00:00:00,24.0,0,81.4,-22.55004530867224,-135.55804830827216,75.2,0,75.2
2023-03-01 06:00:00,14.9,0,74.0,-70.55197931224671,171.5823494334033,58.82,0,58.82
2023-03-01 12:00:00,16.7,0,48.5,-80.89684131163881,-179.6603705036528,62.06,0,62.059999999999995
2023-03-01 22:00:00,21.1,0,68.0,-5.817381752722127,-110.87158711091595,69.98,0,69.98
2023-03-02 07:00:00,28.0,0,68.8,-80.92498075160235,-144.18191920573273,82.4,1,82.4
2023-03-02 20:00:00,17.9,0,60.9,-41.13143954231196,-89.2177641016092,64.22,0,64.22
2023-03-03 04:00:00,22.7,0,68.4,55.02861462027923,-44.26058483938843,72.86,0,72.86
2023-03-03 05:00:00,23.0,0,74.6,-53.587089151523344,-41.57430706574405,73.4,0,73.4
2023-03-03 23:00:00,23.3,0,77.0,-45.60144915502684,-25.00710447130669,73.94,0,73.94
2023-03-04 12:00:00,21.6,0,77.1,-81.23492728801264,168.10866526259355,70.88,0,70.88
2023-03-04 19:00:00,24.0,0,68.7,-86.55201260077448,171.28037467761578,75.2,0,75.2
2023-03-05 12:00:00,21.6,5,88.7,-85.3614722224168,-87.45743081188485,70.88,0,70.88
2023-03-05 19:00:00,19.3,0,67.4,-49.56166842448201,-131.8398678021715,66.74000000000001,0,66.74000000000001
2023-03-06 01:00:00,20.3,0,58.6,-38.16983831832136,-90.50224153920972,68.54,0,68.54
2023-03-06 05:00:00,21.9,0,65.6,-38.78255057815192,-157.03395974870477,71.42,0,71.42
2023-03-06 14:00:00,24.3,0,74.7,65.80122897099662,85.36766902439007,75.74000000000001,0,75.74000000000001
2023-03-06 23:00:00,24.5,5,72.7,-20.281946764443475,-176.14249282967077,76.1,0,76.1
2023-03-07 00:00:00,25.6,0,66.8,58.23940079012743,115.06495303715218,78.08,1,78.08
2023-03-07 01:00:00,21.1,0,60.0,41.10675378113629,-61.97824841398773,69.98,0,69.98
2023-03-07 03:00:00,20.4,0,75.4,77.4717156304786,-124.86797996977576,68.72,0,68.72
2023-03-07 04:00:00,24.5,0,64.8,-18.38417345686311,78.2873966202884,76.1,0,76.1
2023-03-07 08:00:00,23.5,0,56.4,-76.18354886002716,67.59691429166452,74.3,0,74.3
2023-03-07 09:00:00,27.4,0,76.6,15.84008341733312,165.86866899768796,81.32,1,81.32
2023-03-07 22:00:00,20.8,0,75.7,57.13341251509968,-140.1827044056621,69.44,0,69.44
2023-03-08 16:00:00,22.4,0,79.5,-78.87447707593992,149.4005535891098,72.32,0,72.32
2023-03-08 19:00:00,20.8,0,72.1,83.06861842334018,1.9874850204565175,69.44,0,69.44
2023-03-09 12:00:00,25.4,0,71.9,-88.76196680046313,-96.21779439040134,77.72,1,77.72
2023-03-10 13:00:00,26.5,0,64.0,-50.17703463970848,1.2042470182154543,79.7,1,79.7
2023-03-10 17:00:00,25.3,0,76.8,63.207132376676725,92.32239167600824,77.54,1,77.54
2023-03-11 02:00:00,27.2,0,69.2,54.542138674737686,79.36442692659222,80.96,1,80.96
2023-03-11 11:00:00,24.8,0,68.1,-88.14879073157543,-29.17088143937121,76.64,0,76.64
2023-03-11 16:00:00,19.6,0,62.4,18.164161018635497,-77.32591103505094,67.28,0,67.28
2023-03-11 22:00:00,23.5,0,57.8,80.81652006846025,167.9839995225987,74.3,0,74.3
2023-03-13 17:00:00,28.4,0,46.9,22.61714209690976,171.88436274618334,83.12,1,83.12
2023-03-13 20:00:00,25.4,0,66.6,56.47020187000095,128.82880206629602,77.72,1,77.72
2023-03-13 22:00:00,28.7,0,67.1,70.31852198313163,52.70665508211204,83.66,1,83.66
2023-03-14 08:00:00,29.6,0,60.1,-89.24626014696759,-81.54917446500727,85.28,1,85.28
2023-03-14 09:00:00,20.4,0,53.7,67.25133517269876,-19.502802062274185,68.72,0,68.72
2023-03-15 00:00:00,24.1,0,71.1,-56.568047039066585,-29.269748402033684,75.38,0,75.38
2023-03-15 12:00:00,22.8,0,56.8,-85.67909192792001,-66.37204246782518,73.04,0,73.04
2023-03-15 18:00:00,25.9,0,53.1,-63.6414738114931,-127.02122960581968,78.62,1,78.62
2023-03-16 01:00:00,25.2,5,72.0,-74.49621496853754,-21.757340961756483,77.36,1,77.36
2023-03-16 01:00:00,19.4,0,58.1,81.0959077717936,28.27505455327133,66.92,0,66.92
2023-03-16 03:00:00,25.9,0,76.1,66.72392198233908,97.10878422855136,78.62,1,78.62
2023-03-16 05:00:00,24.6,0,60.9,-15.985714343491608,44.41664374556655,76.28,0,76.28
2023-03-16 06:00:00,22.1,5,71.7,-41.04025103801591,19.43757198112715,71.78,0,71.78
2023-03-16 14:00:00,22.7,0,67.7,-68.64412216651554,-31.1340490956147,72.86,0,72.86
2023-03-16 18:00:00,25.0,10,66.1,73.44333817589924,-172.13518368496736,77.0,0,77.0
2023-03-17 23:00:00,26.2,0,69.7,14.516140663734134,-78.28190369329,79.16,1,79.16
2023-03-17 23:00:00,27.0,0,72.2,38.88899518358602,-15.109698029807303,80.6,1,80.6
2023-03-18 00:00:00,25.4,0,63.0,-15.454607721180082,-76.49596822184675,77.72,1,77.72
2023-03-18 07:00:00,23.1,0,70.0,58.74134597103361,-121.87883302814842,73.58,0,73.58
2023-03-18 16:00:00,24.4,0,81.1,58.959549409328446,-8.828742516215868,75.92,0,75.92
2023-03-19 01:00:00,22.1,0,69.3,-22.948392320376144,-100.93142570595516,71.78,0,71.78
2023-03-19 09:00:00,23.8,5,68.8,-67.40103781827412,51.399868852774034,74.84,0,74.84
2023-03-20 00:00:00,18.4,0,72.0,7.447395763338889,-23.56885321038166,65.12,0,65.12
2023-03-20 16:00:00,26.5,0,59.4,-40.12753505158807,-59.10610872904758,79.7,1,79.7
2023-03-20 21:00:00,25.3,0,67.3,61.21945411905597,-93.93610173298931,77.54,1,77.54
2023-03-21 10:00:00,29.2,0,66.0,85.28407440428691,-8.963877350980624,84.56,1,84.56
2023-03-21 13:00:00,29.0,0,85.4,2.467413938754873,-161.58041767962868,84.2,1,84.2
2023-03-21 22:00:00,24.2,5,63.6,53.96100560024101,-174.88921159017946,75.56,0,75.56
2023-03-22 08:00:00,25.1,0,71.2,58.02861801336377,-76.60036468614571,77.18,1,77.18
2023-03-22 12:00:00,26.7,0,72.9,31.318957466231467,-150.63302677990828,80.06,1,80.06
2023-03-23 02:00:00,26.3,10,66.6,-34.47570933189288,-105.9140242838082,79.34,1,79.34
2023-03-23 07:00:00,23.5,5,64.5,77.19471897220183,-137.52990589389782,74.3,0,74.3
2023-03-23 19:00:00,22.8,5,65.1,-38.12678532728469,-96.17091952460608,73.04,0,73.04
2023-03-24 14:00:00,22.7,15,53.0,52.66706637764426,52.461015606379306,72.86,0,72.86
2023-03-24 18:00:00,23.7,0,70.9,47.24045256147633,-132.94176350768737,74.66,0,74.66
2023-03-25 08:00:00,30.5,5,72.5,49.54392933029087,-56.12701757420085,86.9,1,86.9
2023-03-25 09:00:00,27.1,0,56.6,-17.873249969796007,135.98978575054497,80.78,1,80.78
2023-03-25 21:00:00,26.7,0,76.2,9.119408299353282,157.7030902445273,80.06,1,80.06
2023-03-26 01:00:00,27.7,0,77.7,85.91038786196052,42.189921762108014,81.86,1,81.86
2023-03-26 08:00:00,27.0,0,65.4,14.985430616260215,89.49913508945963,80.6,1,80.6
2023-03-26 16:00:00,27.4,0,54.3,38.65558975991024,94.86570372055638,81.32,1,81.32
2023-03-27 00:00:00,27.1,0,40.5,60.222922246012985,-160.2962255070051,80.78,1,80.78
2023-03-27 23:00:00,25.8,0,73.0,58.83454097509557,-47.1109702286864,78.44,1,78.44
2023-03-28 08:00:00,27.2,0,67.6,41.18004980111655,37.15670235582155,80.96,1,80.96
2023-03-28 09:00:00,26.2,10,70.2,-82.45526099107364,-72.03686652196696,79.16,1,79.16
2023-03-28 09:00:00,28.8,0,76.2,-4.392685472038508,-53.16226046908585,83.84,1,83.84
2023-03-28 12:00:00,29.6,0,77.1,85.44430728873925,-35.32454235477377,85.28,1,85.28
2023-03-28 19:00:00,24.3,5,75.9,-28.19039360802404,-55.7939376271562,75.74000000000001,0,75.74000000000001
2023-03-29 08:00:00,24.2,20,64.0,80.48906332204461,-30.54756456261154,75.56,0,75.56
2023-03-29 17:00:00,27.9,15,66.8,-4.065085893536335,100.81731133441563,82.22,1,82.22
2023-03-30 01:00:00,26.7,0,75.1,45.2118846517277,-54.42051331489316,80.06,1,80.06
2023-03-31 11:00:00,25.1,0,61.0,-69.05547267039074,-42.61806032071141,77.18,1,77.18
2023-03-31 13:00:00,27.3,0,81.2,28.569174970863983,-64.65553698952263,81.14,1,81.14
2023-04-01 01:00:00,26.4,0,68.6,-7.572781001874972,127.41943757106702,79.52,1,79.52
2023-04-01 05:00:00,20.8,0,50.8,-30.35660062746293,-47.42996133775208,69.44,0,69.44
2023-04-01 06:00:00,22.8,0,60.7,42.18582176859931,-5.3170359244717815,73.04,0,73.04
2023-04-01 18:00:00,28.7,0,85.3,8.362537511062385,-53.40604595691407,83.66,1,83.66
2023-04-03 00:00:00,22.7,0,83.7,69.27392118528078,-28.010795802955897,72.86,0,72.86
2023-04-03 12:00:00,21.2,0,76.1,-29.14480631407295,-60.21738845626352,70.16,0,70.16
2023-04-03 16:00:00,25.0,0,67.9,65.09967924583816,120.3569264697835,77.0,0,77.0
2023-04-03 18:00:00,23.2,0,48.5,13.371763516237976,-87.77105480183222,73.75999999999999,0,73.75999999999999
2023-04-04 01:00:00,17.6,0,67.0,34.62377510779456,-153.03749687928587,63.68,0,63.68
2023-04-04 10:00:00,20.9,0,62.6,-75.58096921027159,40.08299624918144,69.62,0,69.62
2023-04-04 19:00:00,26.4,5,65.3,-9.173021772577345,70.92869976154782,79.52,1,79.52
2023-04-04 19:00:00,25.6,0,73.9,-49.226107313500975,-175.23762735409417,78.08,1,78.08
2023-04-05 06:00:00,30.9,15,61.0,-29.807787782025244,-137.02283591824914,87.61999999999999,1,87.61999999999999
2023-04-05 07:00:00,25.8,0,74.1,-30.54875984962481,-3.677087524233343,78.44,1,78.44
2023-04-05 12:00:00,26.0,0,70.4,12.130369948093204,24.57670185675661,78.8,1,78.8
2023-04-05 13:00:00,23.9,0,74.7,-79.73515547934852,-114.96328512793086,75.02,0,75.02
2023-04-06 03:00:00,29.6,10,67.4,-38.57263782103974,-114.18718012587868,85.28,1,85.28
2023-04-06 22:00:00,26.0,0,83.9,58.62797128092007,124.60471579088336,78.8,1,78.8
2023-04-07 07:00:00,23.8,0,79.6,45.04783750899162,-136.81694097685087,74.84,0,74.84
2023-04-07 17:00:00,27.1,0,72.9,14.963439437925032,-36.00611341431534,80.78,1,80.78
2023-04-07 23:00:00,22.8,0,70.2,36.37934174048267,-166.17568416251595,73.04,0,73.04
2023-04-08 21:00:00,23.2,15,86.0,-1.3436314714279265,-155.36134467265458,73.75999999999999,0,73.75999999999999
2023-04-09 03:00:00,20.4,0,76.0,17.741338779196795,178.3517446531642,68.72,0,68.72
2023-04-09 10:00:00,24.7,0,67.9,-85.9383878930375,51.806864544395296,76.46,0,76.46
2023-04-09 18:00:00,25.0,0,75.7,-14.73393813069606,112.2504186063191,77.0,0,77.0
2023-04-10 08:00:00,22.4,0,72.9,-39.49185361717512,86.24922379982735,72.32,0,72.32
2023-04-11 13:00:00,27.9,0,71.5,26.777769508689477,-110.63649726478788,82.22,1,82.22
2023-04-11 18:00:00,22.2,0,65.1,-61.88372857249213,-120.14808107410778,71.96,0,71.96
2023-04-11 19:00:00,27.3,0,68.4,-33.50241058995531,0.0209733087912127,81.14,1,81.14
2023-04-11 23:00:00,25.3,15,80.0,54.74980169709914,-31.988038867204665,77.54,1,77.54
2023-04-12 04:00:00,21.1,0,68.0,20.129583618579854,110.97655603786018,69.98,0,69.98
2023-04-12 07:00:00,27.9,5,74.0,14.020400284935905,43.67902469605463,82.22,1,82.22
2023-04-12 10:00:00,22.8,15,87.0,65.89827816801025,94.39634099310376,73.04,0,73.04
2023-04-12 17:00:00,22.3,0,69.1,-42.21064666276698,173.78623472773893,72.14,0,72.14
2023-04-14 14:00:00,21.6,0,80.0,-58.158548851682895,-26.81796266213658,70.88,0,70.88
2023-04-15 04:00:00,21.5,0,62.4,14.525835219771295,-124.63786601524215,70.7,0,70.7
2023-04-15 13:00:00,23.2,0,74.2,-88.05400494566466,19.997845158823168,73.75999999999999,0,73.75999999999999
2023-04-15 14:00:00,25.3,0,82.8,-87.67845543788542,-71.65212493261619,77.54,1,77.54
2023-04-15 17:00:00,24.1,0,69.9,19.07945410878459,-157.69925331156435,75.38,0,75.38
2023-04-15 17:00:00,23.0,15,65.6,-79.76134840002362,69.01924108848797,73.4,0,73.4
2023-04-16 03:00:00,25.4,0,98.8,89.59489002183611,-155.2485936879045,77.72,1,77.72
2023-04-16 22:00:00,24.7,0,61.7,5.661884554074959,91.64497003406518,76.46,0,76.46
2023-04-17 00:00:00,22.7,0,66.6,-61.15939182422887,24.82397398146628,72.86,0,72.86
2023-04-17 09:00:00,21.5,0,65.2,-29.258229786438783,83.25021216505502,70.7,0,70.7
2023-04-17 11:00:00,22.1,0,54.3,-73.00459842111343,29.41974989045161,71.78,0,71.78
2023-04-18 00:00:00,29.4,0,78.4,18.3252121101805,-10.214508529705796,84.91999999999999,1,84.91999999999999
2023-04-21 02:00:00,19.6,0,65.0,77.15350118077095,-179.918266241428,67.28,0,67.28
2023-04-21 10:00:00,27.8,0,72.2,-76.90770939983969,34.611353837962895,82.04,1,82.04
2023-04-21 18:00:00,22.8,5,78.4,-24.947319767906464,101.48072867888033,73.04,0,73.04
2023-04-22 01:00:00,23.2,5,72.2,29.13022532051967,-144.15130312558958,73.75999999999999,0,73.75999999999999
2023-04-22 17:00:00,22.6,0,55.5,80.26643592577557,-90.09209547743212,72.68,0,72.68
2023-04-22 22:00:00,26.9,0,59.2,-8.989444903279448,36.09050763584989,80.42,1,80.42
2023-04-23 17:00:00,27.9,5,72.4,-14.819940752940951,173.25272786085964,82.22,1,82.22
2023-04-23 19:00:00,26.3,0,75.3,-28.32387362594612,-78.01761474267217,79.34,1,79.34
2023-04-23 23:00:00,22.8,0,83.8,3.341103959832111,168.02432191263892,73.04,0,73.04
2023-04-24 10:00:00,26.7,0,55.3,17.903005138568986,-59.4438155506854,80.06,1,80.06
2023-04-24 10:00:00,30.3,0,78.1,-26.8525603196972,-77.69365354377764,86.53999999999999,1,86.53999999999999
2023-04-24 23:00:00,22.2,0,74.7,-66.05823619668082,99.98204762440548,71.96,0,71.96
2023-04-25 02:00:00,27.8,0,56.8,-66.02721737984578,140.0402198932797,82.04,1,82.04
2023-04-25 03:00:00,20.9,0,71.5,71.22418996799098,-64.05568732953729,69.62,0,69.62
2023-04-25 08:00:00,24.0,0,71.0,-44.48553871497999,96.99932859176045,75.2,0,75.2
2023-04-26 05:00:00,23.6,0,60.4,-10.253932859228511,-40.59966916432549,74.48,0,74.48
2023-04-26 13:00:00,20.1,5,69.3,-10.420733757650396,143.06303459577106,68.18,0,68.18
2023-04-27 02:00:00,24.5,15,57.4,-55.18163826783314,48.71640481499557,76.1,0,76.1
2023-04-27 06:00:00,28.3,0,66.5,-63.55405375492126,-102.96191566860712,82.94,1,82.94
2023-04-27 16:00:00,24.1,20,63.0,21.451092365850613,-106.27113273976458,75.38,0,75.38
2023-04-27 19:00:00,21.5,20,59.3,12.651648971650287,81.72666972508824,70.7,0,70.7
2023-04-28 15:00:00,21.8,0,81.0,-45.05958850675857,160.20866324900476,71.24000000000001,0,71.24000000000001
2023-04-28 16:00:00,20.9,0,62.4,12.19091722758982,1.6041390009679333,69.62,0,69.62
2023-04-29 03:00:00,25.2,0,70.2,-2.128018444053481,28.552825003845925,77.36,1,77.36
2023-04-29 06:00:00,27.7,0,76.3,11.50072578997242,149.4354436164108,81.86,1,81.86
2023-04-29 18:00:00,24.3,0,50.0,70.2691777539479,95.97454009633856,75.74000000000001,0,75.74000000000001
2023-04-30 04:00:00,23.9,5,62.1,4.584655324060776,152.8710448063092,75.02,0,75.02
2023-04-30 12:00:00,21.7,0,77.4,-37.90088610849217,33.01810880126416,71.06,0,71.06
2023-04-30 13:00:00,21.9,10,80.0,-10.33607773209323,111.84608532153304,71.42,0,71.42
2023-05-01 01:00:00,24.8,0,84.8,1.7737217190823884,4.000909856220204,76.64,0,76.64
2023-05-01 12:00:00,24.6,5,93.9,31.930763379997103,99.18190681883976,76.28,0,76.28
2023-05-01 12:00:00,24.6,0,72.1,-77.19197780197625,1.621052659740883,76.28,0,76.28
2023-05-01 22:00:00,21.2,0,84.4,68.04603231200224,53.38710982756854,70.16,0,70.16
2023-05-02 03:00:00,23.8,0,69.3,41.20905601892829,44.46191204904139,74.84,0,74.84
2023-05-02 04:00:00,26.2,5,68.7,34.56909954715407,-47.99560330692668,79.16,1,79.16
2023-05-02 10:00:00,19.6,0,68.0,50.36775912181227,-132.73633007826328,67.28,0,67.28
2023-05-02 22:00:00,24.8,0,62.1,-26.11841697242027,48.83231590294076,76.64,0,76.64
2023-05-03 16:00:00,23.8,0,61.0,-16.775135828689756,68.99603467195496,74.84,0,74.84
2023-05-04 18:00:00,29.3,0,89.2,0.2296160326312843,37.55267360651513,84.74,1,84.74
2023-05-04 19:00:00,27.3,0,70.3,-72.90625045889223,-133.0728731844244,81.14,1,81.14
2023-05-04 20:00:00,26.4,0,61.1,15.40147118279434,108.66246064301016,79.52,1,79.52
2023-05-04 23:00:00,27.7,0,56.0,31.15658356401906,154.85947303051802,81.86,1,81.86
2023-05-05 00:00:00,23.7,0,50.3,62.03986363624037,147.89745528707346,74.66,0,74.66
2023-05-05 07:00:00,23.0,0,60.6,1.0676977775205216,-150.03969616509397,73.4,0,73.4
2023-05-05 13:00:00,22.4,0,66.2,-10.825984851509716,-148.6918727078641,72.32,0,72.32
2023-05-06 07:00:00,25.5,5,65.2,81.26006861935656,27.02180644517327,77.9,1,77.9
2023-05-06 22:00:00,21.5,0,69.0,-12.877577307216823,-93.31062621365764,70.7,0,70.7
2023-05-08 04:00:00,23.2,0,76.1,-50.63223594175502,90.46041277455606,73.75999999999999,0,73.75999999999999
2023-05-08 07:00:00,24.5,10,59.7,-64.5797621928331,-108.49261900972712,76.1,0,76.1
2023-05-08 13:00:00,22.5,0,68.1,42.22949412789632,1.4878230906377894,72.5,0,72.5
2023-05-08 23:00:00,23.2,0,46.4,-49.62265940636527,58.79185542144072,73.75999999999999,0,73.75999999999999
2023-05-09 00:00:00,21.1,0,71.5,88.21959229563583,4.634907229896385,69.98,0,69.98
2023-05-09 06:00:00,22.3,10,62.6,-28.925051884277856,70.97985154452616,72.14,0,72.14
2023-05-09 11:00:00,18.9,5,70.5,-60.593983488284366,97.9747299417017,66.02,0,66.02
2023-05-09 11:00:00,19.8,0,56.8,62.99267949057696,-70.38344723254906,67.64,0,67.64
2023-05-09 23:00:00,21.2,0,58.1,71.62835281987265,-119.51278121063572,70.16,0,70.16
2023-05-10 14:00:00,23.3,5,70.4,-60.72105328101267,175.72466734366873,73.94,0,73.94
2023-05-10 21:00:00,22.3,0,79.8,-1.9093432668140335,-104.5115001251277,72.14,0,72.14
2023-05-11 03:00:00,27.1,0,65.6,-68.33023581796398,150.91489117934103,80.78,1,80.78
2023-05-12 01:00:00,19.1,0,83.3,57.77658311384536,-179.7847420194737,66.38,0,66.38
2023-05-12 17:00:00,19.5,15,69.7,-31.62071207672676,19.013355258605657,67.1,0,67.1
2023-05-13 02:00:00,24.2,0,65.0,-82.9094699352925,89.7729971921845,75.56,0,75.56
2023-05-13 06:00:00,19.7,0,73.0,15.217760386702466,-15.520294174583938,67.46,0,67.46
2023-05-13 11:00:00,22.6,0,69.6,71.38343852442182,96.39526237716154,72.68,0,72.68
2023-05-13 17:00:00,19.9,10,77.7,-48.631189356428685,88.27730736870046,67.82,0,67.82
2023-05-13 22:00:00,23.2,10,62.0,8.447197677385844,-148.11179773080812,73.75999999999999,0,73.75999999999999
2023-05-14 09:00:00,25.9,0,73.0,2.603038993180945,41.98391213949904,78.62,1,78.62
2023-05-14 23:00:00,25.7,0,56.5,59.92734880336104,-72.72819522149625,78.25999999999999,1,78.25999999999999
2023-05-15 13:00:00,21.0,0,51.3,-18.97698324259372,-61.97657836110543,69.8,0,69.8
2023-05-15 16:00:00,25.3,0,76.6,58.66781553900293,-18.020277263210545,77.54,1,77.54
2023-05-15 21:00:00,20.6,0,55.4,-21.60376578622896,-11.31948194719152,69.08,0,69.08
2023-05-16 03:00:00,18.8,0,69.7,70.18440774531524,20.94162620055866,65.84,0,65.84
2023-05-16 13:00:00,18.2,0,69.4,72.04754001637266,-5.171652571197456,64.75999999999999,0,64.75999999999999
2023-05-16 17:00:00,21.3,5,75.8,86.10386167023418,-109.63511986737603,70.34,0,70.34
2023-05-16 18:00:00,19.1,5,63.7,-65.31327213250623,-172.75037437825566,66.38,0,66.38
2023-05-16 19:00:00,28.9,0,65.2,-33.86170156252946,-64.4923646100563,84.02,1,84.02
2023-05-17 17:00:00,19.2,15,48.1,46.31093608959014,-56.93434490978706,66.56,0,66.56
2023-05-17 21:00:00,22.7,5,87.8,20.45482253808909,-9.248880647365098,72.86,0,72.86
2023-05-18 05:00:00,18.3,0,45.1,79.12234602452983,-176.21523916500473,64.94,0,64.94
2023-05-18 18:00:00,27.8,0,67.0,11.883316479807776,-176.72866741756212,82.04,1,82.04
2023-05-18 20:00:00,15.7,0,63.7,31.61932239727315,172.45146268500025,60.26,0,60.26
2023-05-19 08:00:00,20.1,5,79.6,-12.602661458209257,-89.16669499134493,68.18,0,68.18
2023-05-19 17:00:00,20.1,5,82.3,45.92405114013528,94.28036197589428,68.18,0,68.18
2023-05-20 09:00:00,18.7,0,50.1,-72.60392982820458,96.86200793750072,65.66,0,65.66
2023-05-21 10:00:00,25.4,0,68.9,82.20967810008295,-68.59096232810367,77.72,1,77.72
2023-05-22 01:00:00,18.2,0,59.7,-75.10736958872582,-175.00963107137036,64.75999999999999,0,64.75999999999999
2023-05-22 01:00:00,19.4,0,67.0,-42.99076214804516,-123.70962900784498,66.92,0,66.92
2023-05-22 07:00:00,17.9,0,58.0,9.924081615573924,-121.19239809246366,64.22,0,64.22
2023-05-22 17:00:00,21.5,0,71.2,-67.32806465171552,-9.083157824285564,70.7,0,70.7
2023-05-22 19:00:00,15.1,0,78.2,3.5301016445413467,-93.00278850509332,59.18,0,59.18
2023-05-23 23:00:00,18.8,5,54.0,-3.0070287060614618,105.84520209574656,65.84,0,65.84
2023-05-24 03:00:00,23.3,0,50.8,11.834091110392066,-98.71576122577352,73.94,0,73.94
2023-05-24 14:00:00,18.5,10,63.5,55.62425525250174,6.5078992945241225,65.3,0,65.3
2023-05-24 22:00:00,13.6,20,74.4,-36.7322347014091,-66.40805496127122,56.48,0,56.48
2023-05-24 22:00:00,21.1,0,50.1,-35.408539647129075,-148.51925935204125,69.98,0,69.98
2023-05-25 01:00:00,15.8,0,62.4,58.69164321869138,78.92827220729947,60.440000000000005,0,60.440000000000005
2023-05-26 03:00:00,22.0,0,64.6,64.76304146609621,95.70911179850714,71.6,0,71.6
2023-05-27 09:00:00,15.7,0,61.0,24.06808795779523,-174.22986367615567,60.26,0,60.26
2023-05-27 11:00:00,22.2,0,53.3,-17.506892745570468,108.04952979074731,71.96,0,71.96
2023-05-28 07:00:00,23.0,0,74.6,-78.73832840049872,-148.3962346590624,73.4,0,73.4
2023-05-28 15:00:00,15.8,0,53.1,21.49019448597035,60.006834681304696,60.440000000000005,0,60.440000000000005
2023-05-28 20:00:00,19.1,0,67.4,-29.845311448840214,16.128390699395425,66.38,0,66.38
2023-05-28 21:00:00,19.1,0,35.9,-58.77071093609604,-163.00918738894356,66.38,0,66.38
2023-05-28 23:00:00,18.9,0,51.2,39.97189155668136,-79.67004626573072,66.02,0,66.02
2023-05-29 02:00:00,14.3,5,66.0,89.2024020883238,113.99588755258446,57.74,0,57.74
2023-05-29 14:00:00,14.6,0,65.2,29.100106733254023,-83.10183444301349,58.28,0,58.28
2023-05-31 18:00:00,18.5,0,62.9,77.24604909810373,-129.86853451750656,65.3,0,65.3
2023-05-31 20:00:00,21.9,0,67.1,31.95824493307965,38.636790045503744,71.42,0,71.42
2023-05-31 22:00:00,14.7,0,74.4,-18.39718063276233,101.44073733434146,58.46,0,58.459999999999994
2023-06-01 12:00:00,13.3,0,44.2,22.31972739521683,23.25263001604685,55.94,0,55.94
2023-06-01 17:00:00,15.6,0,49.7,-72.35861673946661,25.63170622664893,60.08,0,60.08
2023-06-01 18:00:00,15.4,0,56.1,4.45241477905779,-51.41075976250386,59.72,0,59.72
2023-06-02 02:00:00,20.8,0,57.1,53.55252815336746,77.7544896750207,69.44,0,69.44
2023-06-02 22:00:00,14.1,0,58.0,-85.50510081893107,61.56467299184754,57.38,0,57.379999999999995
2023-06-03 01:00:00,16.5,0,66.4,48.50080093476848,-160.6914750525009,61.7,0,61.7
2023-06-03 03:00:00,18.1,0,77.5,-85.7326043439867,-37.78079837155346,64.58,0,64.58
2023-06-03 05:00:00,15.3,0,63.1,-41.7286138059156,-148.27160484839106,59.540000000000006,0,59.540000000000006
2023-06-03 18:00:00,22.7,0,67.5,82.37369632906581,-9.30313948353131,72.86,0,72.86
2023-06-04 01:00:00,14.4,0,55.8,-17.422603896014607,150.35302004559605,57.92,0,57.92
2023-06-04 22:00:00,15.2,5,69.8,10.417261618813171,3.993775730063277,59.36,0,59.36
2023-06-05 00:00:00,18.1,0,60.9,28.26548968213932,-93.1805228492057,64.58,0,64.58
2023-06-05 07:00:00,19.1,0,66.9,-64.25979792016925,-157.5247221799991,66.38,0,66.38
2023-06-05 07:00:00,13.4,0,75.7,-5.086829246680964,-74.18996621822384,56.120000000000005,0,56.120000000000005
2023-06-05 15:00:00,15.8,5,79.8,15.903399776967603,164.56853971432662,60.440000000000005,0,60.440000000000005
2023-06-05 17:00:00,18.7,0,57.1,-12.365692858617363,-177.82306445376776,65.66,0,65.66
2023-06-06 05:00:00,14.8,0,54.4,-58.47783477653642,129.1313236480466,58.64,0,58.64
2023-06-06 14:00:00,17.0,20,53.6,23.662582664943717,69.44720796891636,62.6,0,62.6
2023-06-06 22:00:00,13.7,10,42.4,18.635185170201765,-12.58691968047242,56.66,0,56.66
2023-06-07 02:00:00,19.5,10,62.8,35.091561481748585,90.64733889129587,67.1,0,67.1
2023-06-07 03:00:00,16.0,0,56.4,-33.25690176309885,156.74201628040754,60.8,0,60.8
2023-06-07 14:00:00,18.6,0,69.4,52.5944150643017,148.6082881468302,65.48,0,65.48
2023-06-07 19:00:00,21.8,0,51.6,62.659662302813416,34.33189325647416,71.24000000000001,0,71.24000000000001
2023-06-08 01:00:00,18.7,0,52.4,-86.23185879118802,1.669423671876558,65.66,0,65.66
2023-06-08 07:00:00,16.5,0,50.1,-60.69762194287871,87.22520333530099,61.7,0,61.7
2023-06-08 11:00:00,19.1,0,57.4,47.974916919892905,58.08336442010079,66.38,0,66.38
2023-06-08 23:00:00,13.5,0,57.7,-52.64263148297338,112.30064446963804,56.3,0,56.3
2023-06-10 05:00:00,14.3,5,70.0,-56.72908836953551,-0.6001098140746137,57.74,0,57.74
2023-06-10 05:00:00,23.1,0,67.4,-12.101132818472593,-25.79335179521536,73.58,0,73.58
2023-06-10 22:00:00,15.6,0,67.4,19.284350559043844,-126.7349997206139,60.08,0,60.08
2023-06-11 03:00:00,11.4,0,49.2,74.04105421415352,-32.13664434323567,52.52,0,52.52
2023-06-11 06:00:00,22.5,0,49.7,-68.72064798760405,-68.51098400213192,72.5,0,72.5
2023-06-11 12:00:00,20.1,0,50.3,57.37324130712915,147.3946213269155,68.18,0,68.18
2023-06-11 19:00:00,13.1,0,72.5,8.74591470984393,163.67988847646478,55.58,0,55.58
2023-06-11 21:00:00,11.0,10,58.3,73.90902909859591,79.33823949112048,51.8,0,51.8
2023-06-12 07:00:00,17.4,0,51.1,-7.357675808397445,16.936324421607992,63.32,0,63.32
2023-06-12 18:00:00,14.9,0,59.9,5.682987483611612,164.03380821593618,58.82,0,58.82
2023-06-13 16:00:00,10.1,0,61.9,9.624919717772984,-19.32251040483797,50.18,0,50.18
2023-06-13 20:00:00,17.5,0,51.2,-6.483294329960273,145.90763964378556,63.5,0,63.5
2023-06-13 21:00:00,16.3,5,48.7,-62.11344399418032,112.27180464373674,61.34,0,61.34
2023-06-13 23:00:00,19.1,5,71.8,24.37458423514377,66.1932449672515,66.38,0,66.38
2023-06-14 00:00:00,13.7,0,64.2,-36.655629567608095,-135.41543038590572,56.66,0,56.66
2023-06-14 13:00:00,18.5,0,66.3,10.184117130387603,155.72401513414593,65.3,0,65.3
2023-06-14 23:00:00,11.1,0,56.3,-0.3366101613523682,87.25317735232147,51.98,0,51.98
2023-06-15 21:00:00,7.8,0,53.3,30.796768275475685,93.5365170342198,46.04,0,46.04
2023-06-15 21:00:00,16.7,0,53.3,-10.061359756808642,-172.43670348491014,62.06,0,62.059999999999995
2023-06-16 01:00:00,16.3,0,54.9,3.8478638652734105,110.86463811924682,61.34,0,61.34
2023-06-16 10:00:00,20.0,15,63.8,33.176564806562055,142.4000667145986,68.0,0,68.0
2023-06-16 14:00:00,16.2,0,55.2,-62.29801715512074,-57.59842101843883,61.16,0,61.16
2023-06-16 22:00:00,12.2,0,42.7,-27.754902286123503,-46.05038821335745,53.96,0,53.96
2023-06-17 01:00:00,13.5,0,33.9,-18.719826050589266,2.133288052701801,56.3,0,56.3
2023-06-17 08:00:00,16.8,0,37.2,86.50228087093024,-61.14385788638242,62.24,0,62.24
2023-06-17 17:00:00,12.3,0,38.9,-68.41960317491183,-6.03645268484334,54.14,0,54.14
2023-06-18 04:00:00,13.2,0,49.8,13.606817155214756,-70.52593105033782,55.76,0,55.76
2023-06-18 10:00:00,12.6,0,54.8,-1.337567264406431,52.41692774102819,54.68,0,54.68
2023-06-18 23:00:00,14.2,0,39.4,-77.50906453724699,36.28517376226287,57.56,0,57.56
2023-06-19 04:00:00,13.4,0,48.0,7.4004884781920595,11.99647722945781,56.120000000000005,0,56.120000000000005
2023-06-19 09:00:00,9.6,0,60.5,-27.884925807617925,-21.36064196725431,49.28,0,49.28
2023-06-19 11:00:00,15.8,0,49.4,71.70956398512627,-95.91575001530003,60.440000000000005,0,60.440000000000005
2023-06-19 14:00:00,16.5,10,34.6,-19.23351669107727,27.556196382410405,61.7,0,61.7
2023-06-19 15:00:00,14.9,5,66.6,35.48946458483648,12.725196502196413,58.82,0,58.82
2023-06-22 05:00:00,11.1,0,52.6,-51.06010002645113,-177.7738238492772,51.98,0,51.98
2023-06-22 05:00:00,8.2,10,48.4,-46.70431466757323,-23.25732357608948,46.76,0,46.76
2023-06-22 06:00:00,13.0,0,57.1,-42.96005678063092,24.94979438839272,55.4,0,55.4
2023-06-22 13:00:00,7.6,0,64.3,54.26023972013167,64.4985245950426,45.68,0,45.68
2023-06-22 23:00:00,14.5,0,60.2,61.04638945273544,-56.85500352328008,58.1,0,58.1
2023-06-23 03:00:00,12.3,0,60.7,31.7670749137088,86.63888918398538,54.14,0,54.14
2023-06-23 05:00:00,10.1,5,54.4,42.99600188394589,-72.84590007541904,50.18,0,50.18
2023-06-23 09:00:00,11.8,0,51.9,43.495461330487615,171.56196839624556,53.24,0,53.24
2023-06-24 03:00:00,10.4,0,68.0,-74.6898506119366,-165.47981323015728,50.72,0,50.72
2023-06-24 19:00:00,8.3,0,60.6,-18.08661877435173,-155.45281688443342,46.94,0,46.94
2023-06-24 20:00:00,11.5,0,34.8,69.49549958643294,-165.06096281643372,52.7,0,52.7
2023-06-25 07:00:00,11.5,0,52.1,-71.41229840249129,101.93811513253098,52.7,0,52.7
2023-06-25 10:00:00,10.3,5,58.7,-79.27432247643414,37.16835216625074,50.54,0,50.54
2023-06-25 11:00:00,12.4,0,71.9,30.459425386476013,-176.46208107487638,54.32,0,54.32
2023-06-25 13:00:00,8.3,0,47.8,-63.84119536430926,111.5923477260501,46.94,0,46.94
2023-06-25 23:00:00,6.9,15,54.8,9.09570250732061,-141.76302206815575,44.42,0,44.42
2023-06-26 00:00:00,15.3,0,56.8,-47.91369004324846,124.21427360279132,59.540000000000006,0,59.540000000000006
2023-06-26 04:00:00,11.8,0,53.8,-71.9557985298822,105.81664804266649,53.24,0,53.24
2023-06-26 08:00:00,12.8,10,51.4,-3.3699687805373344,179.56545689363566,55.04,0,55.04
2023-06-26 11:00:00,11.6,5,58.2,-60.40700476580183,74.29391885159859,52.88,0,52.879999999999995
2023-06-26 17:00:00,7.8,0,40.9,62.43970039721151,-175.67891018183428,46.04,0,46.04
2023-06-27 11:00:00,15.8,0,52.4,-80.79296298832843,-24.54944576120019,60.440000000000005,0,60.440000000000005
2023-06-27 13:00:00,11.7,0,62.0,-79.26888143796137,-101.71694440179506,53.06,0,53.06
2023-06-27 16:00:00,9.7,0,55.9,0.436911689947749,-106.5284419839263,49.46,0,49.46
2023-06-27 23:00:00,11.4,0,53.7,-55.69023004659904,131.77284301647234,52.52,0,52.52
2023-06-28 05:00:00,13.5,0,64.6,-25.593975119593253,69.61591386678688,56.3,0,56.3
2023-06-28 12:00:00,13.8,5,40.9,26.05414474382735,52.278687304079,56.84,0,56.84
2023-06-29 09:00:00,12.5,0,48.8,-54.64454114303687,82.55152817179425,54.5,0,54.5
2023-06-29 15:00:00,18.0,5,47.9,89.92038658507894,-119.2109531866578,64.4,0,64.4
2023-06-29 21:00:00,7.6,0,37.2,-58.56350653866068,-60.32639081722854,45.68,0,45.68
2023-06-30 06:00:00,12.3,0,42.7,61.58976779706859,-46.064315587605336,54.14,0,54.14
2023-06-30 06:00:00,8.0,0,56.4,-51.99733033955327,26.482780809615605,46.4,0,46.4
2023-06-30 15:00:00,11.0,0,46.8,-36.60975321172324,-146.71817386665603,51.8,0,51.8
2023-07-01 06:00:00,7.1,0,44.7,56.640780847798055,45.15604205997366,44.78,0,44.78
2023-07-01 13:00:00,11.8,0,46.7,15.838493303489898,-142.44728855332244,53.24,0,53.24
2023-07-01 18:00:00,9.8,0,48.9,12.959258091046706,-38.29121270012084,49.64,0,49.64
2023-07-01 22:00:00,10.0,0,53.1,76.88228073560089,164.2650773448101,50.0,0,50.0
2023-07-02 08:00:00,7.2,0,39.9,31.64812651873325,-126.5375586082749,44.96,0,44.96
2023-07-02 10:00:00,9.6,0,59.9,-13.298177168598457,-165.86458140648233,49.28,0,49.28
2023-07-02 13:00:00,9.6,0,47.0,-68.31947880061823,131.17185592415035,49.28,0,49.28
2023-07-03 10:00:00,12.2,0,59.0,-73.37510493995187,123.79658804313442,53.96,0,53.96
2023-07-03 23:00:00,4.3,0,48.6,75.31155757468045,-33.69004683335328,39.74,0,39.74
2023-07-04 02:00:00,14.7,0,37.1,-45.56573503276808,68.99162471039455,58.46,0,58.459999999999994
2023-07-04 03:00:00,5.1,0,46.2,17.141351889492284,75.48168366162881,41.18,0,41.18
2023-07-04 07:00:00,8.9,0,57.0,-57.27980390087485,-132.38326256454658,48.02,0,48.02
2023-07-04 17:00:00,4.9,0,56.2,-3.027444603539664,156.4357970575856,40.82,0,40.82
2023-07-04 23:00:00,15.6,0,40.5,-75.31223039912909,-85.5329844638513,60.08,0,60.08
2023-07-05 13:00:00,7.6,0,46.6,-50.30923258158352,95.27434213855446,45.68,0,45.68
2023-07-05 18:00:00,12.2,0,55.1,-58.12519402848783,-64.53591036783436,53.96,0,53.96
2023-07-06 02:00:00,16.6,0,65.9,45.624979918727405,-60.417892057776285,61.88,0,61.88
2023-07-06 04:00:00,8.6,0,44.8,-62.19140327911336,87.1119826250349,47.48,0,47.48
2023-07-06 10:00:00,10.8,0,56.4,55.01678496540154,-92.75266975076558,51.44,0,51.44
2023-07-07 03:00:00,14.2,0,57.0,-61.42738259262429,128.99625799638886,57.56,0,57.56
2023-07-07 03:00:00,7.0,0,41.2,21.07906999715813,-78.20443545836451,44.6,0,44.6
2023-07-07 04:00:00,8.9,0,51.1,-84.12136905879075,163.30773881868822,48.02,0,48.02
2023-07-07 10:00:00,9.4,0,51.8,-62.74218341340661,-72.77061657952395,48.92,0,48.92
2023-07-07 19:00:00,14.2,0,43.7,-5.747570237827773,129.06232363855963,57.56,0,57.56
2023-07-08 20:00:00,11.8,0,63.1,-28.627457141599507,47.077351262143424,53.24,0,53.24
2023-07-08 22:00:00,9.7,0,54.3,78.38721243494922,-106.4728417073656,49.46,0,49.46
2023-07-09 02:00:00,5.2,0,42.3,-54.66702558400793,-138.9722806370732,41.36,0,41.36
2023-07-09 05:00:00,10.7,5,52.4,-88.85177218681368,12.441318896271127,51.26,0,51.26
2023-07-09 14:00:00,9.1,0,44.2,50.99363693208858,35.074527326431195,48.38,0,48.379999999999995
2023-07-09 15:00:00,9.1,0,55.2,67.33291919493334,68.51622488426244,48.38,0,48.379999999999995
2023-07-10 06:00:00,8.8,5,31.9,0.991576870175507,139.0216658601575,47.84,0,47.84
2023-07-10 09:00:00,6.0,5,46.1,20.51465513854187,4.240964365013042,42.8,0,42.8
2023-07-10 21:00:00,2.7,5,59.5,-8.686894323340113,17.898211858791967,36.86,0,36.86
2023-07-11 00:00:00,6.8,0,46.1,12.982133469997136,-23.39474603751958,44.24,0,44.239999999999995
2023-07-11 13:00:00,6.9,5,49.5,-2.496512661313659,162.85923086354086,44.42,0,44.42
2023-07-11 14:00:00,5.9,0,51.7,89.37473558375146,-155.50656692699891,42.620000000000005,0,42.620000000000005
2023-07-11 17:00:00,3.4,0,44.9,37.69899563411546,74.62040828604017,38.12,0,38.12
2023-07-11 23:00:00,7.1,10,49.4,-56.40481083641714,107.27929267892064,44.78,0,44.78
2023-07-11 23:00:00,9.8,0,54.9,-16.67420564169018,99.31581160908952,49.64,0,49.64
2023-07-12 05:00:00,5.8,0,41.3,88.47589964892958,-67.3796888912808,42.44,0,42.44
2023-07-12 07:00:00,3.0,0,43.4,87.04209717245934,-111.55364412526596,37.4,0,37.4
2023-07-12 11:00:00,9.9,0,34.0,23.367717798247384,-170.87450246498216,49.82,0,49.82
2023-07-12 23:00:00,12.0,0,53.9,-81.06941279900926,136.54064021652243,53.6,0,53.6
2023-07-13 04:00:00,4.7,5,33.1,7.253893217069944,-113.74388206192312,40.46,0,40.46
2023-07-13 15:00:00,6.2,0,39.6,-54.24397615846696,-131.97011921164545,43.16,0,43.16
2023-07-13 19:00:00,6.7,0,62.5,-76.17545130340412,-110.87420949358678,44.06,0,44.06
2023-07-13 20:00:00,11.4,0,41.3,-12.377903437519578,-151.97165294084294,52.52,0,52.52
2023-07-13 23:00:00,6.2,0,35.9,31.05130728125684,118.64369931421272,43.16,0,43.16
2023-07-14 00:00:00,5.2,0,43.7,72.43258969992144,25.50741706035416,41.36,0,41.36
2023-07-14 06:00:00,5.1,0,34.8,80.27476017220786,78.48510412572057,41.18,0,41.18
2023-07-14 18:00:00,6.8,0,47.7,-80.50225358527153,129.47232432693835,44.24,0,44.239999999999995
2023-07-14 19:00:00,7.1,0,30.0,-25.342425543115738,147.31276903433536,44.78,0,44.78
2023-07-15 18:00:00,6.7,0,51.0,17.4439242983981,134.2955329254732,44.06,0,44.06
2023-07-15 20:00:00,4.2,0,44.7,-48.0000919231212,-141.78227272291178,39.56,0,39.56
2023-07-16 05:00:00,7.5,0,45.1,73.51821933828754,-67.34896270962386,45.5,0,45.5
2023-07-16 06:00:00,8.2,0,49.7,71.63363643260195,-23.87004072466317,46.76,0,46.76
2023-07-16 08:00:00,3.2,0,45.3,-64.80227219008268,-39.2697263371816,37.76,0,37.76
2023-07-16 21:00:00,7.0,0,53.0,-20.39272973208398,-55.0947778640691,44.6,0,44.6
2023-07-16 23:00:00,7.5,0,72.7,-71.19818674197275,-44.32792307501214,45.5,0,45.5
2023-07-17 04:00:00,4.2,15,42.0,-7.482343656341158,-96.81089296518137,39.56,0,39.56
2023-07-17 21:00:00,3.7,5,52.2,15.405783097070255,-101.24218497208332,38.66,0,38.660000000000004
2023-07-18 01:00:00,5.9,0,40.6,2.5371796592267515,167.69963509859974,42.620000000000005,0,42.620000000000005
2023-07-18 08:00:00,6.1,20,30.0,9.208793144946966,118.64257764589796,42.98,0,42.980000000000004
2023-07-18 11:00:00,7.6,0,51.3,-55.81149543763904,35.21088482454505,45.68,0,45.68
2023-07-18 14:00:00,7.5,0,44.1,29.43424690442141,-111.6448815254688,45.5,0,45.5
2023-07-18 21:00:00,6.6,0,43.5,46.90361564195081,73.81472628729338,43.88,0,43.879999999999995
2023-07-19 06:00:00,6.7,0,47.5,84.47792621115221,-8.960988624539254,44.06,0,44.06
2023-07-19 16:00:00,1.4,0,38.1,28.696133174759566,81.94720957188792,34.52,0,34.52
2023-07-20 08:00:00,10.6,0,47.6,15.592305291059276,141.58961776372416,51.08,0,51.08
2023-07-21 17:00:00,6.0,0,63.3,-25.448115248353545,72.39513145113719,42.8,0,42.8
2023-07-22 11:00:00,1.6,0,46.8,-39.53974454074575,-86.83473298877136,34.88,0,34.88
2023-07-22 16:00:00,11.6,0,55.4,38.64939003036648,-78.5093919849894,52.88,0,52.879999999999995
2023-07-22 20:00:00,5.0,0,30.0,28.468768373563226,34.728147148875735,41.0,0,41.0
2023-07-22 20:00:00,2.2,0,47.7,-25.114589074520296,-136.33092071800772,35.96,0,35.96
2023-07-22 21:00:00,2.4,0,32.9,-18.872046454985096,149.93609440158514,36.32,0,36.32
2023-07-23 14:00:00,5.5,0,43.8,74.95569801577193,-56.54532140668948,41.9,0,41.9
2023-07-24 02:00:00,4.0,0,30.0,-34.70104493617124,-3.942575838258051,39.2,0,39.2
2023-07-24 15:00:00,-1.2,0,46.6,-17.736879763972212,-120.17340014049029,29.84,0,29.84
2023-07-24 21:00:00,5.9,0,49.5,-79.99100609751709,177.95890896685734,42.620000000000005,0,42.620000000000005
2023-07-25 00:00:00,3.5,0,32.3,88.66472318779742,36.20995091536898,38.3,0,38.3
2023-07-25 00:00:00,6.0,0,49.5,-70.94262272163672,-67.06687508742375,42.8,0,42.8
2023-07-25 04:00:00,5.1,0,36.8,75.10825198398251,-15.966162201644124,41.18,0,41.18
2023-07-25 18:00:00,-1.0,0,47.6,-46.746157778933984,-104.72494874773886,30.2,0,30.2
2023-07-25 19:00:00,3.0,0,39.8,-24.331955362596236,29.990609346313647,37.4,0,37.4
2023-07-26 14:00:00,3.0,0,30.0,53.59180740267851,-140.75509836926568,37.4,0,37.4
2023-07-27 07:00:00,5.3,0,39.7,-82.77500536463403,-80.3685124975289,41.54,0,41.54
2023-07-27 08:00:00,10.1,10,55.8,86.07972033478049,-108.32636882306676,50.18,0,50.18
2023-07-27 19:00:00,7.1,0,41.9,-22.77756987611305,-155.14670271190502,44.78,0,44.78
2023-07-28 10:00:00,0.6,0,42.0,-10.469933135648176,-46.44946346681914,33.08,0,33.08
2023-07-28 16:00:00,4.5,0,30.0,-65.66088353168615,-65.91451042057508,40.1,0,40.1
2023-07-28 17:00:00,4.5,0,48.4,29.14445387466208,4.461415463558353,40.1,0,40.1
2023-07-29 00:00:00,1.2,0,45.9,58.77919335446356,-75.11001377841198,34.16,0,34.16
2023-07-29 05:00:00,3.0,0,30.8,-17.635100960116674,143.7296105841129,37.4,0,37.4
2023-07-29 08:00:00,0.3,0,33.8,7.250200773735784,-78.54299881363008,32.54,0,32.54
2023-07-30 17:00:00,-0.2,0,30.0,-80.7671071833812,53.44724048408534,31.64,0,31.64
2023-07-30 17:00:00,4.8,0,30.0,46.82896736222864,127.63706155278491,40.64,0,40.64
2023-07-31 08:00:00,8.0,0,30.0,-47.92665743338603,92.229204278441,46.4,0,46.4
2023-07-31 09:00:00,3.9,0,52.9,32.12999429267481,-153.58893571454303,39.02,0,39.02
2023-07-31 09:00:00,1.2,0,52.3,-3.216222194428468,-119.67604585037766,34.16,0,34.16
2023-07-31 13:00:00,5.1,0,45.2,-67.41246657615288,-90.43495605389626,41.18,0,41.18
2023-07-31 21:00:00,3.1,5,42.0,-89.99447060783116,-107.35381862911552,37.58,0,37.58
2023-07-31 22:00:00,5.8,0,30.6,-41.04817930832424,21.318527436644928,42.44,0,42.44
2023-08-01 07:00:00,0.2,0,36.8,-37.06785680818,155.83236844558792,32.36,0,32.36
2023-08-02 02:00:00,3.7,5,33.2,-81.79467156923961,29.91807262076327,38.66,0,38.660000000000004
2023-08-02 15:00:00,2.3,0,33.4,-80.17822650911418,160.0946574020934,36.14,0,36.14
2023-08-02 19:00:00,2.8,0,30.0,41.94001930007218,114.79293738736976,37.04,0,37.04
2023-08-03 05:00:00,3.5,0,37.2,11.8531008563844,-165.82972326489738,38.3,0,38.3
2023-08-03 11:00:00,2.1,5,44.6,37.1243092599472,-87.60700541300551,35.78,0,35.78
2023-08-03 17:00:00,7.4,0,37.9,-88.8364155978521,-2.879377404450196,45.32,0,45.32
2023-08-03 17:00:00,6.1,0,53.1,-49.91830575784471,-19.85312418208531,42.98,0,42.980000000000004
2023-08-05 04:00:00,0.9,5,53.9,54.97781927399754,-9.563162624992287,33.62,0,33.62
2023-08-05 07:00:00,1.1,0,30.0,-17.4220860269119,68.41687982740186,33.98,0,33.98
2023-08-05 08:00:00,-4.2,5,36.2,-2.2922362619908654,63.98036683247537,24.44,0,24.439999999999998
2023-08-05 08:00:00,4.5,0,37.2,-17.566873326123883,-38.9480779378182,40.1,0,40.1
2023-08-05 09:00:00,-0.7,0,30.0,-79.45824504878391,140.8104330456634,30.74,0,30.74
2023-08-06 04:00:00,5.0,5,42.5,-82.06814491733135,130.8353680041784,41.0,0,41.0
2023-08-06 10:00:00,-3.4,10,47.9,59.5708507899123,175.9825948693187,25.880000000000003,0,25.880000000000003
2023-08-06 23:00:00,-1.8,0,36.6,-10.296335422127257,-23.30557932364061,28.76,0,28.76
2023-08-07 14:00:00,0.4,5,40.8,67.52405135180737,166.34105961888656,32.72,0,32.72
2023-08-07 17:00:00,7.4,0,53.1,76.76348363211326,-51.48632539128101,45.32,0,45.32
2023-08-08 08:00:00,1.8,5,48.9,14.104757360977205,-94.04936240903132,35.24,0,35.24
2023-08-08 19:00:00,-3.2,0,38.7,-71.01298305701357,161.16702374314065,26.24,0,26.240000000000002
2023-08-10 12:00:00,7.5,0,46.4,12.889376906929895,127.194187199971,45.5,0,45.5
2023-08-10 13:00:00,-0.0,0,36.7,28.15372863011824,-38.801594363925545,32.0,0,32.0
2023-08-10 18:00:00,-5.3,20,30.9,88.10120357371017,92.89455156403795,22.46,0,22.46
2023-08-10 20:00:00,3.8,0,35.6,18.916113337296903,-33.96770659899451,38.84,0,38.839999999999996
2023-08-11 02:00:00,-0.4,0,42.8,-17.51333022097917,-40.3298084167609,31.28,0,31.28
2023-08-11 07:00:00,1.1,15,30.0,45.13853685799003,-82.5986676643231,33.98,0,33.98
2023-08-11 08:00:00,3.1,15,34.1,-50.722643780609,-127.18975895453464,37.58,0,37.58
2023-08-12 04:00:00,0.5,0,30.0,-54.675770992890186,173.86087663969232,32.9,0,32.9
2023-08-12 10:00:00,3.6,0,30.0,-15.984452001141747,-165.97517531455287,38.48,0,38.48
2023-08-14 01:00:00,-0.3,0,38.1,31.938852821093008,39.53259415732214,31.46,0,31.46
2023-08-14 02:00:00,2.1,5,47.5,-73.82216668749108,72.31165100779677,35.78,0,35.78
2023-08-14 19:00:00,-3.9,0,45.6,-4.076928337967757,-108.28091309865246,24.98,0,24.98
2023-08-15 00:00:00,0.2,0,33.3,-44.84176201967396,107.2096852827861,32.36,0,32.36
2023-08-15 00:00:00,-0.6,0,30.6,31.291001688600844,151.39291863691966,30.92,0,30.92
2023-08-15 08:00:00,3.1,0,50.7,25.37379505777639,138.36363406966348,37.58,0,37.58
2023-08-15 18:00:00,4.0,0,30.0,-61.86294527240504,-160.9823929087001,39.2,0,39.2
2023-08-16 15:00:00,2.2,0,44.6,24.799345532206477,-38.24814903645358,35.96,0,35.96
2023-08-17 09:00:00,1.5,0,34.3,-18.120135564139943,163.1905803296541,34.7,0,34.7
2023-08-17 19:00:00,0.4,0,30.0,84.25374866113202,-155.66229018994207,32.72,0,32.72
2023-08-17 22:00:00,4.6,0,44.7,-67.15000552410493,132.14166565642105,40.28,0,40.28
2023-08-18 05:00:00,-0.9,0,43.0,88.65263162915485,-169.07263000811847,30.38,0,30.38
2023-08-18 11:00:00,-0.3,0,30.0,-11.908093886056037,-144.9479182351604,31.46,0,31.46
2023-08-18 14:00:00,5.5,0,36.0,8.405222772983421,-177.48638572307468,41.9,0,41.9
2023-08-18 23:00:00,2.7,0,46.0,23.64755868868518,-18.3317349114447,36.86,0,36.86
2023-08-19 02:00:00,-1.1,15,30.9,-59.2314475642473,94.38285138539209,30.02,0,30.02
2023-08-19 14:00:00,-0.3,0,37.1,13.295852941877342,-86.09427145364799,31.46,0,31.46
2023-08-19 18:00:00,-0.9,0,49.0,67.11469588181961,72.29103048062652,30.38,0,30.38
2023-08-20 00:00:00,3.1,0,47.8,13.147596111422814,86.96379904805866,37.58,0,37.58
2023-08-20 07:00:00,-0.9,0,30.0,-62.73980605163568,38.12285346461388,30.38,0,30.38
2023-08-20 15:00:00,-3.1,0,40.7,-79.2102058449645,1.7681224500501287,26.42,0,26.42
2023-08-20 16:00:00,-1.4,0,40.7,-21.9889415291064,-41.02166316533911,29.48,0,29.48
2023-08-20 16:00:00,5.1,0,34.7,-68.63236280835994,-2.53549020389039,41.18,0,41.18
2023-08-21 09:00:00,-0.6,0,30.0,11.840679871379336,-38.47615264545149,30.92,0,30.92
2023-08-21 10:00:00,-3.2,0,30.0,-64.1754977367564,-11.620578250385677,26.24,0,26.240000000000002
2023-08-21 11:00:00,-1.9,0,30.0,-19.241296639307805,-49.22807339670831,28.58,0,28.580000000000002
2023-08-22 07:00:00,1.6,0,35.5,-57.77430526051492,65.26155979167618,34.88,0,34.88
2023-08-22 07:00:00,-2.7,0,39.5,-74.51421173407022,133.0321218533927,27.14,0,27.14
2023-08-22 17:00:00,-5.7,0,30.0,-26.14885978856172,-29.820859568747267,21.74,0,21.74
2023-08-22 19:00:00,-5.3,0,30.0,49.09885553971424,159.1409590158944,22.46,0,22.46
2023-08-24 03:00:00,1.6,0,30.0,-48.334461522246336,-17.87386111891459,34.88,0,34.88
2023-08-24 09:00:00,-3.2,5,38.3,-28.56264372899061,-161.01217722160175,26.24,0,26.240000000000002
2023-08-24 20:00:00,-3.7,0,40.8,13.56465116323774,6.483755295395241,25.34,0,25.34
2023-08-25 13:00:00,-1.1,0,30.0,29.11999184489493,45.96079577717114,30.02,0,30.02
2023-08-25 18:00:00,-3.7,0,38.5,54.97740774827625,-58.02354632778935,25.34,0,25.34
2023-08-26 06:00:00,-4.5,0,31.8,60.29049702499268,-161.54515469664065,23.9,0,23.9
2023-08-26 07:00:00,-3.2,0,44.5,-57.4394577517983,-54.783954924103455,26.24,0,26.240000000000002
2023-08-27 08:00:00,-0.1,15,64.6,-87.0839284788959,56.990678222182254,31.82,0,31.82
2023-08-27 16:00:00,-0.9,0,47.4,-42.61547762675799,65.71457235617655,30.38,0,30.38
2023-08-28 02:00:00,-1.6,0,31.0,41.66936352776503,-40.7493928613232,29.12,0,29.12
2023-08-29 22:00:00,-5.0,0,43.0,80.41612404460332,162.742480790041,23.0,0,23.0
2023-08-30 01:00:00,-2.8,0,32.6,-73.12022527373703,-130.5719882223947,26.96,0,26.96
2023-08-30 07:00:00,-6.4,0,30.0,-34.84209191339312,168.21762853330716,20.48,0,20.48
2023-08-30 07:00:00,-0.2,0,30.0,17.45014021437106,-14.98914740652978,31.64,0,31.64
2023-08-30 11:00:00,-5.5,0,30.0,-9.591385093466345,80.65050795825164,22.1,0,22.1
2023-08-30 12:00:00,-3.6,0,41.8,-25.006549258613305,99.64743739510708,25.52,0,25.52
2023-08-31 12:00:00,0.1,0,41.9,-39.84424863929345,-46.71641315355237,32.18,0,32.18
2023-08-31 14:00:00,-1.8,0,30.0,-87.07618022229833,-44.284979776737,28.76,0,28.76
2023-09-01 03:00:00,-3.4,0,52.3,45.44430076556898,-57.00919943138334,25.880000000000003,0,25.880000000000003
2023-09-01 07:00:00,-8.4,0,35.2,51.726952466869136,-102.228681458494,16.88,0,16.88
2023-09-02 19:00:00,-4.7,0,30.0,-41.10602737061347,130.12044696767674,23.54,0,23.54
2023-09-04 02:00:00,-1.7,0,30.0,22.5594305918017,121.49010706275884,28.94,0,28.94
2023-09-04 13:00:00,4.5,0,30.0,-75.72954876638549,-113.65149709796434,40.1,0,40.1
2023-09-06 04:00:00,-4.4,0,30.0,-52.10875086023827,-118.14139427124296,24.08,0,24.08
2023-09-06 04:00:00,-0.2,0,43.0,77.97691579667512,-130.18622590059962,31.64,0,31.64
2023-09-06 07:00:00,0.8,0,30.0,26.96184841757392,136.7415892589284,33.44,0,33.44
2023-09-06 20:00:00,-1.0,5,38.7,-43.45351359573888,-28.18345769067011,30.2,0,30.2
2023-09-07 00:00:00,-2.0,0,34.3,17.884750507589814,170.9655382116846,28.4,0,28.4
2023-09-07 08:00:00,-6.2,10,46.5,58.40487316881882,-150.9909075768551,20.84,0,20.84
2023-09-07 12:00:00,-6.4,15,30.0,43.03205566908704,102.6230115767152,20.48,0,20.48
2023-09-07 12:00:00,-6.3,5,55.9,-18.663727410320305,98.81481712312473,20.66,0,20.66
2023-09-07 12:00:00,-0.8,0,40.9,51.024520808868175,141.81606384119658,30.56,0,30.56
2023-09-07 17:00:00,-2.3,0,61.5,81.82186719458593,-133.53435110488266,27.86,0,27.86
2023-09-07 17:00:00,-1.8,15,30.0,-71.381859325113,53.5258632086512,28.76,0,28.76
2023-09-07 21:00:00,-0.7,0,30.0,51.1929851783035,83.93773612924787,30.74,0,30.74
2023-09-08 09:00:00,-5.3,0,37.0,-29.63311088085676,-3.232885439192387,22.46,0,22.46
2023-09-08 14:00:00,-2.8,0,33.7,83.40485768028682,53.54896100220654,26.96,0,26.96
2023-09-08 16:00:00,-7.6,0,30.0,-39.41104496995995,139.09693030565103,18.32,0,18.32
2023-09-09 06:00:00,0.4,0,34.1,-40.7447247850611,58.68979334033307,32.72,0,32.72
2023-09-09 09:00:00,-2.7,0,30.0,-28.308433422976705,27.239491079071087,27.14,0,27.14
2023-09-09 11:00:00,-5.6,0,30.1,28.74424912748537,169.86430847717446,21.92,0,21.92
2023-09-09 17:00:00,-5.1,0,30.0,13.973715781996065,156.52638629740198,22.82,0,22.82
2023-09-10 06:00:00,-4.2,0,30.0,28.45839925016857,-6.998421298943498,24.44,0,24.439999999999998
2023-09-10 10:00:00,-7.6,0,35.0,-59.27249460375357,125.6752871851234,18.32,0,18.32
2023-09-11 01:00:00,-0.9,10,30.0,42.28665253108096,175.2825403397871,30.38,0,30.38
2023-09-11 13:00:00,-5.4,0,30.0,-16.813703275294998,-6.473757680304288,22.28,0,22.28
2023-09-11 21:00:00,-5.1,5,30.0,71.20131266373096,-57.151998087220576,22.82,0,22.82
2023-09-13 03:00:00,-2.2,0,30.0,23.831326163791545,158.88038140328462,28.04,0,28.04
2023-09-14 15:00:00,-7.1,0,30.0,-53.72489195886369,6.95256935122913,19.22,0,19.22
2023-09-14 19:00:00,0.4,10,44.1,41.55666223970886,-134.76834273156695,32.72,0,32.72
2023-09-14 22:00:00,-1.9,0,30.0,15.269006035042352,-87.0812484575707,28.58,0,28.580000000000002
2023-09-15 02:00:00,-6.1,0,36.2,-14.547082337618164,51.40622538227129,21.02,0,21.02
2023-09-16 07:00:00,-2.6,5,30.0,-28.805064517215328,34.578041673942096,27.32,0,27.32
2023-09-16 15:00:00,-7.7,0,30.0,65.19653525847397,129.28023275288996,18.14,0,18.14
2023-09-16 21:00:00,2.1,0,46.4,83.83449776755455,-120.15742966140286,35.78,0,35.78
2023-09-17 06:00:00,0.1,0,34.2,31.582088160556594,-83.9539622038209,32.18,0,32.18
2023-09-18 00:00:00,-8.3,0,31.2,6.844086965502527,62.96155309949572,17.06,0,17.06
2023-09-18 21:00:00,-4.4,0,30.0,5.736917970902979,-167.60472891360675,24.08,0,24.08
2023-09-19 05:00:00,-3.1,0,40.8,-60.98061384447794,-115.52582184185464,26.42,0,26.42
2023-09-19 09:00:00,-3.7,5,40.7,-25.534851024754005,-90.85260849428208,25.34,0,25.34
2023-09-19 20:00:00,-2.7,0,30.0,88.11096000917803,-54.70129602816462,27.14,0,27.14
2023-09-20 09:00:00,-4.5,0,30.0,-75.19098163012886,155.42654519394296,23.9,0,23.9
2023-09-22 07:00:00,-7.3,0,35.5,-13.052438263751768,36.88890136461592,18.86,0,18.86
2023-09-23 03:00:00,-11.8,0,30.0,-16.477995346473136,125.11714789970506,10.759999999999998,0,10.759999999999998
2023-09-23 10:00:00,-8.6,0,30.0,59.67329996020024,95.88499671767488,16.520000000000003,0,16.520000000000003
2023-09-23 11:00:00,-8.3,0,30.0,13.881074829823165,27.847224439080374,17.06,0,17.06
2023-09-23 16:00:00,-2.0,0,30.0,88.2598146828567,-162.1418729941862,28.4,0,28.4
2023-09-23 19:00:00,-4.5,0,30.0,84.55025390363588,16.06711359856888,23.9,0,23.9
2023-09-23 22:00:00,-0.1,15,30.0,47.4646084830577,15.763345341028897,31.82,0,31.82
2023-09-24 16:00:00,-8.9,0,36.6,-82.74860661996027,165.19387434854758,15.979999999999997,0,15.979999999999997
2023-09-24 20:00:00,-11.1,0,30.0,-15.789648990300194,78.21427531167228,12.020000000000003,0,12.020000000000003
2023-09-25 08:00:00,-6.2,10,32.2,9.843664461906087,-87.2524804451295,20.84,0,20.84
2023-09-26 20:00:00,-3.1,0,30.0,-18.731299284729037,-28.53483747529796,26.42,0,26.42
2023-09-27 05:00:00,-7.0,0,30.0,-85.68967225131297,-63.78847435877388,19.4,0,19.4
2023-09-27 19:00:00,-9.1,0,34.7,87.91577891342658,-43.29453426420645,15.62,0,15.620000000000001
2023-09-29 15:00:00,-5.2,0,56.2,55.74150652786008,-160.21212953766403,22.64,0,22.64
2023-09-29 19:00:00,-7.3,0,33.3,-10.433984232397762,4.54148787715198,18.86,0,18.86
2023-09-30 00:00:00,-5.1,0,44.0,-21.098861927452703,27.536005130351725,22.82,0,22.82
2023-09-30 05:00:00,0.3,15,40.6,54.17652607260567,-29.737878361506745,32.54,0,32.54
2023-09-30 18:00:00,-4.7,20,30.0,38.18466825850891,147.17753917807045,23.54,0,23.54
2023-10-01 00:00:00,-5.6,0,35.5,68.98924825672029,117.52725941718586,21.92,0,21.92
2023-10-01 06:00:00,-5.1,5,49.9,-52.180705275776674,69.45128252092388,22.82,0,22.82
2023-10-01 14:00:00,-6.6,0,30.0,-63.1350954465347,133.07388653238166,20.12,0,20.12
2023-10-01 19:00:00,-8.3,0,34.8,7.982079774177791,-62.56061748686466,17.06,0,17.06
2023-10-01 23:00:00,-4.5,0,30.0,-6.066105670832613,-132.59271476296547,23.9,0,23.9
2023-10-02 22:00:00,-10.1,0,30.0,79.29071151829245,-70.23487522137714,13.82,0,13.82
2023-10-03 14:00:00,-10.4,0,48.0,-52.14265986855714,152.15225025728597,13.279999999999998,0,13.279999999999998
2023-10-03 17:00:00,-2.0,5,30.0,32.85584271678988,170.08610041004482,28.4,0,28.4
2023-10-03 22:00:00,-3.0,0,30.0,69.22563988133047,108.86464240247676,26.6,0,26.6
2023-10-04 12:00:00,-6.4,5,30.0,-2.7831608855980505,53.77637528518406,20.48,0,20.48
2023-10-04 18:00:00,-3.1,0,30.0,-34.84521911681345,106.20415329424937,26.42,0,26.42
2023-10-04 19:00:00,-3.8,20,38.6,-17.02389147495211,-128.58685038976773,25.16,0,25.16
2023-10-05 09:00:00,-5.7,0,30.0,34.390046293067115,3.2018652251568653,21.74,0,21.74
2023-10-05 23:00:00,-5.2,0,33.9,-14.39801922678069,-75.69792585424274,22.64,0,22.64
2023-10-06 11:00:00,-7.0,10,40.9,-78.09026600980071,15.932641325490296,19.4,0,19.4
2023-10-06 22:00:00,-5.3,0,30.0,7.253375722255299,-147.68657979834342,22.46,0,22.46
2023-10-07 01:00:00,-2.5,0,30.0,-28.725919899433254,121.1191892891531,27.5,0,27.5
2023-10-07 08:00:00,-2.6,0,30.0,73.65154752964543,-20.09397352378804,27.32,0,27.32
2023-10-07 17:00:00,-7.7,0,30.1,5.8125376712617935,-120.85673642193264,18.14,0,18.14
2023-10-07 23:00:00,-5.5,0,36.3,-5.995238240806486,68.84879896295615,22.1,0,22.1
2023-10-08 00:00:00,-5.8,0,32.5,-69.91326000769546,-139.46743204949,21.56,0,21.560000000000002
2023-10-08 12:00:00,-4.6,0,35.2,-66.42472626104866,96.74896729050464,23.72,0,23.72
2023-10-09 05:00:00,-8.2,0,30.4,18.4408995539858,86.98582348268002,17.240000000000002,0,17.240000000000002
2023-10-09 11:00:00,-4.5,5,30.0,-15.152657756686024,171.52435059674764,23.9,0,23.9
2023-10-10 09:00:00,-7.9,10,30.0,-52.50322979846677,-158.07400443533422,17.779999999999998,0,17.779999999999998
2023-10-10 21:00:00,-4.8,0,32.6,-44.78953184128777,-69.23552778793852,23.36,0,23.36
2023-10-11 00:00:00,-9.1,0,39.1,-27.44661684352417,163.9613489177043,15.62,0,15.620000000000001
2023-10-11 02:00:00,-3.2,0,30.0,-87.01335348613239,158.75723612679735,26.24,0,26.240000000000002
2023-10-11 07:00:00,-12.6,15,30.0,12.826884588677515,-57.87336197741893,9.32,0,9.32
2023-10-12 09:00:00,-4.0,20,37.5,10.267292389506324,-49.49928556865527,24.8,0,24.8
2023-10-12 14:00:00,-3.0,0,44.6,14.005269045195249,152.13735255382483,26.6,0,26.6
2023-10-12 17:00:00,-2.6,0,30.0,-14.562094874924654,47.42007059757026,27.32,0,27.32
2023-10-12 23:00:00,-5.4,0,30.0,-85.46416293220747,-98.94203128226452,22.28,0,22.28
2023-10-13 01:00:00,-1.4,5,30.0,11.193985991614523,-129.16833712661344,29.48,0,29.48
2023-10-13 12:00:00,-1.4,0,30.0,78.46870468474071,-79.55701547479322,29.48,0,29.48
2023-10-13 14:00:00,-2.9,0,30.0,36.312889297906295,59.30611376790466,26.78,0,26.78
2023-10-13 20:00:00,-3.2,0,30.0,58.18917828240544,-113.1202963084652,26.24,0,26.240000000000002
2023-10-13 22:00:00,-1.7,0,54.6,-18.853323222391595,-42.43554199440965,28.94,0,28.94
2023-10-14 01:00:00,-4.3,0,30.0,-65.61728337695565,62.552242722272325,24.26,0,24.26
2023-10-14 06:00:00,-7.1,0,30.3,-61.773713042974975,-109.1922489673837,19.22,0,19.22
2023-10-14 11:00:00,-4.7,0,32.2,45.43161881468183,-66.20352784309061,23.54,0,23.54
2023-10-14 14:00:00,-4.0,0,34.9,-23.135892727612173,-67.46471103301195,24.8,0,24.8
2023-10-14 17:00:00,-7.3,0,30.0,-64.06581851762408,-14.933317612674472,18.86,0,18.86
2023-10-15 07:00:00,-0.7,0,36.7,-46.67930734371245,123.77263091699018,30.74,0,30.74
2023-10-15 18:00:00,-4.8,0,51.5,17.22236834907531,-170.24160515895608,23.36,0,23.36
2023-10-15 18:00:00,-2.1,0,51.3,19.497510001398908,-33.19990761378145,28.22,0,28.22
2023-10-17 08:00:00,-3.7,0,30.0,-81.90057217762362,-137.0842405773936,25.34,0,25.34
2023-10-17 16:00:00,-11.1,0,30.0,0.0501363373968644,131.4255957751418,12.020000000000003,0,12.020000000000003
2023-10-17 21:00:00,-7.0,0,45.3,31.744992217090346,39.73068281453652,19.4,0,19.4
2023-10-18 06:00:00,-3.8,0,50.5,-19.42315615717692,47.29535195161557,25.16,0,25.16
2023-10-18 07:00:00,-6.3,0,37.1,79.46536275109176,-12.965249721462923,20.66,0,20.66
2023-10-18 22:00:00,-1.9,5,34.4,-47.353681098589774,174.00267662912154,28.58,0,28.580000000000002
2023-10-19 01:00:00,-7.2,0,37.4,-80.95625823186322,-14.07659824563052,19.04,0,19.04
2023-10-19 01:00:00,2.2,0,30.0,-82.93150543650259,138.4123419348333,35.96,0,35.96
2023-10-19 02:00:00,-6.3,0,30.0,-77.38053486457375,113.17821144086936,20.66,0,20.66
2023-10-19 12:00:00,-5.2,0,30.0,22.91920831632204,3.805347142261297,22.64,0,22.64
2023-10-19 18:00:00,-3.6,5,30.0,25.527513024258354,-161.40335143872923,25.52,0,25.52
2023-10-20 05:00:00,-3.6,15,30.0,44.974787631888375,50.02668791038246,25.52,0,25.52
2023-10-20 19:00:00,-5.9,0,41.6,78.19794697561946,-108.87987395574784,21.38,0,21.38
2023-10-22 08:00:00,-0.5,0,30.0,78.93536102516347,-27.442756824867587,31.1,0,31.1
2023-10-23 15:00:00,-4.9,0,37.2,14.88860088204268,138.68599633472348,23.18,0,23.18
2023-10-24 07:00:00,-3.8,0,30.0,-0.007381446338087,95.51386782913904,25.16,0,25.16
2023-10-25 01:00:00,-1.3,0,39.9,-77.67891853811697,-140.87428582511086,29.66,0,29.66
2023-10-25 03:00:00,-0.3,0,30.6,-84.51653646438717,-41.977029219026775,31.46,0,31.46
2023-10-25 07:00:00,-8.6,0,34.0,47.76540549444732,0.8538551899543734,16.520000000000003,0,16.520000000000003
2023-10-25 13:00:00,-13.4,5,30.0,-58.94570214965483,-135.9007696922439,7.879999999999999,0,7.879999999999999
2023-10-25 23:00:00,-1.2,5,30.0,11.505522016012264,169.2268044000145,29.84,0,29.84
2023-10-26 17:00:00,5.6,0,38.7,25.47080662612531,-109.264691895764,42.08,0,42.08
2023-10-26 17:00:00,-3.8,5,42.4,-39.30911242098629,115.29119482016029,25.16,0,25.16
2023-10-26 18:00:00,-3.6,0,30.0,49.86887141731612,-130.274894469511,25.52,0,25.52
2023-10-26 21:00:00,-8.3,0,32.7,79.35843052065678,41.42511144529127,17.06,0,17.06
2023-10-26 22:00:00,-6.1,0,30.0,26.20299265693704,132.47266562312507,21.02,0,21.02
2023-10-28 06:00:00,2.2,0,30.0,30.098220694952587,-100.56561853617056,35.96,0,35.96
2023-10-28 10:00:00,-8.7,0,35.8,-30.918040977898904,167.63003109604813,16.34,0,16.34
2023-10-28 13:00:00,-2.0,0,30.0,19.819425966522232,-59.8404250548728,28.4,0,28.4
2023-10-29 01:00:00,-7.7,0,48.5,-62.63125786359147,-67.65694392527257,18.14,0,18.14
2023-10-29 02:00:00,-8.9,5,30.0,-28.420628244553072,100.09667033395168,15.979999999999997,0,15.979999999999997
2023-10-29 22:00:00,-5.9,0,30.0,-26.44147999108989,13.514451710524668,21.38,0,21.38
2023-10-30 11:00:00,-4.2,0,30.0,-60.85385880620153,130.66546439268666,24.44,0,24.439999999999998
2023-10-30 14:00:00,-4.9,0,35.4,-85.37586392350653,85.87657922290686,23.18,0,23.18
2023-10-30 17:00:00,-4.5,5,30.0,-43.259248988925485,115.65005564149357,23.9,0,23.9
2023-10-30 23:00:00,-3.4,5,30.0,84.76924492883134,3.2252545519371267,25.880000000000003,0,25.880000000000003
2023-10-31 08:00:00,-0.3,5,30.0,82.43025478670475,13.7592366726511,31.46,0,31.46
2023-10-31 08:00:00,-4.4,0,41.6,-73.54404147291513,132.37275525092605,24.08,0,24.08
2023-10-31 09:00:00,-4.0,0,30.0,-31.17695294560007,-112.63526265221938,24.8,0,24.8
2023-10-31 10:00:00,-3.0,0,30.4,-15.62894690261048,-51.85520155056941,26.6,0,26.6
2023-11-01 18:00:00,-4.5,0,30.0,-34.83657575229234,79.25668593513848,23.9,0,23.9
2023-11-01 18:00:00,-5.7,0,42.6,66.94435103049099,174.13616995529463,21.74,0,21.74
2023-11-02 09:00:00,-5.2,0,30.0,77.85987811547616,-44.14925635320572,22.64,0,22.64
2023-11-02 19:00:00,-7.3,15,30.0,-51.35474025659602,-141.55174655914908,18.86,0,18.86
2023-11-04 05:00:00,-3.0,0,42.0,-33.16083277509072,-177.35290396040628,26.6,0,26.6
2023-11-04 11:00:00,-8.1,0,30.0,-5.10309166489283,153.98846390714664,17.42,0,17.42
2023-11-04 17:00:00,-3.7,0,39.5,-13.248295775707945,27.94070902936812,25.34,0,25.34
2023-11-05 04:00:00,-0.3,0,31.6,-36.01042744013592,177.16883021228978,31.46,0,31.46
2023-11-05 05:00:00,-4.3,0,30.0,-57.08919962361292,142.91830417118797,24.26,0,24.26
2023-11-05 07:00:00,-2.1,0,30.0,7.955759250666389,143.26387782660692,28.22,0,28.22
2023-11-06 04:00:00,-1.0,5,30.0,1.0254138806473208,-94.21571860088704,30.2,0,30.2
2023-11-06 06:00:00,-4.4,0,37.2,-15.96528502807837,60.09388108512505,24.08,0,24.08
2023-11-07 07:00:00,-7.0,15,30.0,86.24727991811079,-58.92357806267992,19.4,0,19.4
2023-11-07 10:00:00,1.8,10,42.8,57.61215037001688,38.9560956359208,35.24,0,35.24
2023-11-07 16:00:00,1.5,0,36.6,-80.93708514551642,-91.09397988291867,34.7,0,34.7
2023-11-07 20:00:00,1.3,0,43.7,-78.83338254681932,168.01421040664582,34.34,0,34.34
2023-11-08 14:00:00,-4.4,0,38.8,16.9635289155475,-5.393524491345147,24.08,0,24.08
2023-11-08 18:00:00,-0.9,20,36.8,-89.79982304468626,126.73742968968946,30.38,0,30.38
2023-11-09 02:00:00,-5.5,0,52.0,56.58962026837705,3.765647284718881,22.1,0,22.1
2023-11-09 04:00:00,-4.4,0,38.6,-71.4883334116542,-166.783340346096,24.08,0,24.08
2023-11-09 15:00:00,9.9,0,45.1,-51.75949010481487,-160.62101103295473,49.82,0,49.82
2023-11-10 14:00:00,-0.4,10,43.5,-50.63149999682295,-109.815022260493,31.28,0,31.28
2023-11-10 17:00:00,-5.5,5,30.0,59.82543713897908,171.82217634369454,22.1,0,22.1
2023-11-10 20:00:00,-2.8,0,38.9,-82.789358570875,58.4329459430592,26.96,0,26.96
2023-11-11 12:00:00,0.6,0,38.2,-16.258883527346555,-153.84038847078358,33.08,0,33.08
2023-11-12 14:00:00,-1.1,0,32.6,59.51209687772243,-101.668341624608,30.02,0,30.02
2023-11-13 11:00:00,-0.2,0,40.4,-45.74746035118795,164.9297231296186,31.64,0,31.64
2023-11-13 21:00:00,0.7,5,30.0,42.30453351416821,-9.20343090701732,33.26,0,33.26
2023-11-14 02:00:00,-5.6,0,30.0,-14.905184658376228,147.4374502843698,21.92,0,21.92
2023-11-14 22:00:00,-0.2,0,45.5,86.85382900608695,-124.37250120341318,31.64,0,31.64
2023-11-15 01:00:00,-0.2,0,44.4,0.2732328630299463,154.3708658476387,31.64,0,31.64
2023-11-15 05:00:00,-1.6,0,53.0,10.16363472278796,-29.03951504905621,29.12,0,29.12
2023-11-15 10:00:00,4.6,0,50.2,-8.246940707392909,147.57485693749868,40.28,0,40.28
2023-11-15 15:00:00,4.9,0,34.5,-66.9013448060224,63.58220407890232,40.82,0,40.82
2023-11-15 21:00:00,0.3,0,30.0,-8.281815984054177,-38.32007900172641,32.54,0,32.54
2023-11-16 13:00:00,-0.7,5,49.2,72.76379245336173,-19.178471267049417,30.74,0,30.74
2023-11-17 10:00:00,4.6,0,40.6,-83.75891323930804,-120.42008112108395,40.28,0,40.28
2023-11-18 06:00:00,1.3,0,32.4,-36.75166245062351,-56.42082393679863,34.34,0,34.34
2023-11-18 14:00:00,-4.1,15,38.2,70.11347598787737,93.60199618635544,24.62,0,24.62
2023-11-18 23:00:00,1.5,0,30.0,-41.28409044328218,11.68952683820305,34.7,0,34.7
2023-11-19 06:00:00,2.0,0,30.0,-64.20933743352461,92.79956173505684,35.6,0,35.6
2023-11-19 06:00:00,1.9,5,51.3,33.095961330361774,-81.36428419081014,35.42,0,35.42
2023-11-19 15:00:00,-3.4,5,52.9,-79.74382914047371,136.7108648259637,25.880000000000003,0,25.880000000000003
2023-11-20 07:00:00,-4.0,0,30.0,75.73313706167437,-61.62385757450065,24.8,0,24.8
2023-11-20 14:00:00,0.2,0,31.0,8.976341299716935,-105.8471870842938,32.36,0,32.36
2023-11-21 00:00:00,-3.8,0,43.2,-50.31971923582459,-115.14288681625708,25.16,0,25.16
2023-11-21 01:00:00,0.1,0,30.0,-26.042445274700214,41.551480735500746,32.18,0,32.18
2023-11-21 01:00:00,3.0,0,34.3,31.00512371295504,-34.21130854457215,37.4,0,37.4
2023-11-21 19:00:00,-2.3,0,30.0,-31.76452575261153,-151.3025736525774,27.86,0,27.86
2023-11-21 23:00:00,1.7,10,30.0,-30.24512914754781,-163.7455088115749,35.06,0,35.06
2023-11-22 23:00:00,-1.5,0,34.9,17.294751942895076,128.71101879069255,29.3,0,29.3
2023-11-23 06:00:00,4.4,5,37.9,62.90035312063239,27.650851069772106,39.92,0,39.92
2023-11-23 23:00:00,2.3,5,35.7,-44.58385312745632,-158.95512459472428,36.14,0,36.14
2023-11-24 00:00:00,-2.3,0,43.2,-5.227154561747966,-137.10935808142267,27.86,0,27.86
2023-11-24 08:00:00,-1.9,0,38.6,5.632923303167743,-159.93329270852098,28.58,0,28.580000000000002
2023-11-24 12:00:00,0.5,0,34.5,44.47408808322521,-93.66481720562751,32.9,0,32.9
2023-11-24 18:00:00,1.4,20,30.0,-26.160083102685093,-127.43243305309348,34.52,0,34.52
2023-11-24 19:00:00,-0.4,10,45.3,-48.35148545216735,116.6391546767922,31.28,0,31.28
2023-11-25 03:00:00,2.2,0,33.6,-87.5371653430774,123.8376498991289,35.96,0,35.96
2023-11-26 07:00:00,-0.1,0,44.6,30.67818008344516,85.1303428628662,31.82,0,31.82
2023-11-26 10:00:00,1.6,0,35.0,83.75449025347197,-47.95260456734337,34.88,0,34.88
2023-11-26 14:00:00,2.5,0,45.7,42.14722662749634,-166.87402170277736,36.5,0,36.5
2023-11-27 05:00:00,3.5,0,40.9,-30.92769309642984,-38.40455866133206,38.3,0,38.3
2023-11-27 06:00:00,-4.4,0,52.6,-28.0876164196166,-95.48840817901034,24.08,0,24.08
2023-11-27 17:00:00,-0.2,0,30.3,59.11896076901834,-24.17762841941797,31.64,0,31.64
2023-11-27 18:00:00,5.6,0,36.1,-21.644725874522862,166.10998307113783,42.08,0,42.08
2023-11-28 12:00:00,3.5,10,46.2,48.344639564376365,-5.940689361550625,38.3,0,38.3
2023-11-28 13:00:00,7.7,0,36.7,52.887258703447145,169.13479126816253,45.86,0,45.86
2023-11-28 15:00:00,0.5,0,41.4,65.6386059344652,-35.887378977722136,32.9,0,32.9
2023-11-28 17:00:00,6.8,0,46.7,-40.45694741333851,9.017762488338462,44.24,0,44.239999999999995
2023-11-28 20:00:00,0.4,0,30.0,-50.77955166718608,5.307189752440763,32.72,0,32.72
2023-11-28 21:00:00,3.4,0,50.6,-43.01126527772735,151.44890428030303,38.12,0,38.12
2023-11-29 00:00:00,2.8,5,39.7,41.66754474656085,-11.145330893464577,37.04,0,37.04
2023-11-29 11:00:00,-2.0,0,47.5,72.78475949889429,78.73852077439284,28.4,0,28.4
2023-11-30 09:00:00,3.4,0,51.1,62.12175326928627,135.17591414252274,38.12,0,38.12
2023-11-30 20:00:00,0.6,0,38.4,61.36356787252328,-68.28894644236289,33.08,0,33.08
2023-11-30 22:00:00,4.3,10,36.1,-84.5813030019626,136.7692656217252,39.74,0,39.74
2023-12-01 16:00:00,4.7,0,46.7,-12.607628439632094,-14.135903912997406,40.46,0,40.46
2023-12-02 04:00:00,-0.1,0,42.9,10.114324673402097,-149.4121356397921,31.82,0,31.82
2023-12-02 07:00:00,1.6,5,30.0,50.83664619830182,122.98392271539863,34.88,0,34.88
2023-12-03 03:00:00,-0.8,10,35.8,46.12568245603819,0.7003458474630122,30.56,0,30.56
2023-12-03 07:00:00,1.7,0,43.2,65.95617303714602,73.45132293299648,35.06,0,35.06
2023-12-03 09:00:00,2.4,0,35.8,55.828996192746445,10.334635158258948,36.32,0,36.32
2023-12-03 09:00:00,0.7,0,55.3,-56.79737080922099,-118.63349583060888,33.26,0,33.26
2023-12-03 10:00:00,3.6,0,41.6,26.68202438541229,-75.2843324766303,38.48,0,38.48
2023-12-04 01:00:00,-2.5,5,41.2,11.41350560709374,107.51608092838916,27.5,0,27.5
2023-12-04 01:00:00,-0.7,0,40.0,-47.35200151680324,-72.6219164757158,30.74,0,30.74
2023-12-04 13:00:00,1.9,0,47.3,-58.606331919930085,-132.01766709041766,35.42,0,35.42
2023-12-04 18:00:00,2.6,0,45.1,13.838616236017527,167.8587471893469,36.68,0,36.68
2023-12-05 01:00:00,4.2,0,52.5,68.27943882212531,70.5887501641341,39.56,0,39.56
2023-12-05 06:00:00,6.7,15,45.2,-66.20766160430308,-66.07543288521018,44.06,0,44.06
2023-12-05 11:00:00,-1.0,0,30.0,32.345499030002145,-114.54564497855804,30.2,0,30.2
2023-12-06 10:00:00,-0.6,0,48.4,82.46124160549809,108.33793975491488,30.92,0,30.92
2023-12-06 23:00:00,2.8,0,39.0,58.91438695270426,-94.50601013902175,37.04,0,37.04
2023-12-07 09:00:00,4.3,0,61.9,50.31300625633142,-22.951430511423357,39.74,0,39.74
2023-12-07 15:00:00,4.8,0,36.0,-26.78051027721944,130.1104965943863,40.64,0,40.64
2023-12-07 23:00:00,0.1,5,52.1,-14.68988399189996,-61.42346305125274,32.18,0,32.18
2023-12-08 00:00:00,4.2,0,49.1,-18.541410802654653,-86.79446107446975,39.56,0,39.56
2023-12-08 02:00:00,1.8,0,31.2,31.09763059424401,128.60313745312476,35.24,0,35.24
2023-12-09 04:00:00,-0.1,0,39.3,-34.9660876594876,148.76268706053736,31.82,0,31.82
2023-12-09 14:00:00,8.6,0,44.6,-79.79752221014962,-25.07524834600784,47.48,0,47.48
2023-12-10 17:00:00,5.8,0,42.9,-21.421570739688025,106.71860214845184,42.44,0,42.44
2023-12-11 10:00:00,9.9,5,42.6,56.2452877879509,-148.78563566556952,49.82,0,49.82
2023-12-12 01:00:00,0.6,0,30.0,-76.10624455923576,-15.155893754254294,33.08,0,33.08
2023-12-12 10:00:00,7.0,0,33.5,-33.23452621209885,-19.90340033099912,44.6,0,44.6
2023-12-12 16:00:00,7.3,0,47.9,-36.66135565803599,-131.603966146962,45.14,0,45.14
2023-12-13 10:00:00,5.0,0,47.8,-33.31467997399877,-106.7274454007173,41.0,0,41.0
2023-12-14 00:00:00,11.3,0,34.9,-65.7762719212606,-134.5984839448522,52.34,0,52.34
2023-12-14 15:00:00,7.7,0,56.5,25.91218430057043,-70.8408778160698,45.86,0,45.86
2023-12-15 01:00:00,5.7,0,62.1,17.873871661149963,6.749224961295397,42.260000000000005,0,42.260000000000005
2023-12-15 11:00:00,4.1,0,41.4,-74.75609846244477,-122.44328518808108,39.38,0,39.38
2023-12-16 15:00:00,9.1,0,42.8,66.72042614259317,0.2085542750992601,48.38,0,48.379999999999995
2023-12-16 23:00:00,0.2,5,30.0,-74.33690070549802,-65.9006561637787,32.36,0,32.36
2023-12-17 01:00:00,12.0,0,57.5,-60.93758986843679,112.18572520014726,53.6,0,53.6
2023-12-17 05:00:00,3.5,0,34.0,8.797104277667955,-62.57870851382873,38.3,0,38.3
2023-12-17 14:00:00,4.0,0,54.1,-64.3398200940392,-20.361922979024143,39.2,0,39.2
2023-12-17 17:00:00,5.0,0,41.7,-57.387009770985095,-56.83226395971782,41.0,0,41.0
2023-12-17 20:00:00,8.6,0,37.6,-82.51578722761312,-19.953539615005752,47.48,0,47.48
2023-12-18 00:00:00,5.8,0,52.2,29.97395580474628,176.50266141057887,42.44,0,42.44
2023-12-18 03:00:00,8.8,5,60.4,-26.020919274468888,72.56349561705923,47.84,0,47.84
2023-12-18 04:00:00,5.3,0,47.2,35.6099013909306,-159.75925385365,41.54,0,41.54
2023-12-18 10:00:00,6.6,0,52.5,41.44485411532281,154.58525418569536,43.88,0,43.879999999999995
2023-12-18 21:00:00,7.3,5,32.4,53.84843479886078,43.28454562600336,45.14,0,45.14
2023-12-19 02:00:00,7.2,5,53.8,-22.58131619167537,-4.977484522242122,44.96,0,44.96
2023-12-19 10:00:00,7.0,0,43.0,-12.658794596073363,-167.62433099337892,44.6,0,44.6
2023-12-19 13:00:00,8.8,0,48.7,72.43434599149862,-34.74685115028015,47.84,0,47.84
2023-12-20 03:00:00,3.1,0,55.4,13.85669023518274,-161.93687388480936,37.58,0,37.58
2023-12-20 16:00:00,9.6,0,37.2,-32.84105395363408,58.73264963107516,49.28,0,49.28
2023-12-20 18:00:00,10.4,0,41.5,-87.96554341397595,-6.263555161852565,50.72,0,50.72
2023-12-21 09:00:00,2.8,0,38.7,61.05247109645376,-142.05550413727357,37.04,0,37.04
2023-12-21 15:00:00,8.8,0,38.3,-84.16017971150634,-72.69616757879851,47.84,0,47.84
2023-12-22 04:00:00,7.9,20,51.6,66.31371431044812,89.62673430974348,46.22,0,46.22
2023-12-22 06:00:00,8.2,0,52.5,-52.4104316109738,-115.50098941554567,46.76,0,46.76
2023-12-22 09:00:00,10.3,0,55.8,29.7100780211936,65.92114286029675,50.54,0,50.54
2023-12-22 16:00:00,5.8,0,37.8,-67.80891972618957,-92.16169115311,42.44,0,42.44
2023-12-22 19:00:00,8.4,0,46.5,57.687765206449455,-147.12273563991943,47.120000000000005,0,47.120000000000005
2023-12-22 20:00:00,8.8,0,55.9,-14.650690514700614,-162.28047076532582,47.84,0,47.84
2023-12-23 03:00:00,6.4,0,35.1,57.11495619838263,18.23776532516314,43.52,0,43.519999999999996
2023-12-23 09:00:00,7.6,0,59.6,11.988946602983331,-69.18510599059711,45.68,0,45.68
2023-12-23 14:00:00,5.8,0,43.7,69.51271898328213,-140.44927905331815,42.44,0,42.44
2023-12-23 19:00:00,7.2,0,49.5,-66.02221365540683,90.51239431126896,44.96,0,44.96
2023-12-24 19:00:00,6.5,0,45.4,7.428619969502051,24.91432672659397,43.7,0,43.7
2023-12-25 00:00:00,12.8,0,56.4,-49.27096259942648,-25.506182895004144,55.04,0,55.04
2023-12-25 01:00:00,4.1,0,42.0,80.86915912421105,124.15107074778308,39.38,0,39.38
2023-12-25 06:00:00,11.7,0,62.8,-3.871607380705953,-44.20735831525008,53.06,0,53.06
2023-12-25 21:00:00,10.0,0,32.3,-72.54617922622354,-93.02354048312532,50.0,0,50.0
2023-12-26 08:00:00,11.2,0,37.4,-12.768773525520132,41.10704795484409,52.16,0,52.16
2023-12-26 20:00:00,2.6,0,55.1,8.666136491043972,25.52653935077211,36.68,0,36.68
2023-12-26 22:00:00,6.6,0,50.6,60.88147579472411,-70.78120429351206,43.88,0,43.879999999999995
2023-12-27 08:00:00,13.6,0,48.8,-59.42032682056969,-37.9874192980113,56.48,0,56.48
2023-12-27 12:00:00,5.9,10,50.2,12.235373516894498,48.56639729513861,42.620000000000005,0,42.620000000000005
2023-12-28 13:00:00,9.5,0,43.3,-89.88238966296608,-60.617934321179774,49.1,0,49.1
2023-12-29 09:00:00,7.5,0,30.0,28.559043889158048,-58.56098081552443,45.5,0,45.5
2023-12-29 11:00:00,8.8,0,55.8,63.10341504272088,-59.60069023748254,47.84,0,47.84
2023-12-29 13:00:00,11.3,0,47.0,2.9309938555813204,28.738647377181,52.34,0,52.34
2023-12-30 00:00:00,6.4,0,33.6,36.1100693510013,-80.79596052869574,43.52,0,43.519999999999996
2023-12-30 07:00:00,8.6,0,66.4,18.56702162213045,-149.2549091414202,47.48,0,47.48
2023-12-30 07:00:00,9.1,0,43.9,78.17474055014824,138.12622836767628,48.38,0,48.379999999999995
2023-12-30 21:00:00,12.1,15,39.6,-44.039452722616055,-59.4759449193555,53.78,0,53.78
